model,metric,n_seeds,mean,std,min,max,ci_lo,ci_hi,seeds_used,values
LDA (ESM2),affinity_auc,5,0.9748337911445919,0.0006966752121986098,0.9739566736347453,0.975820581537141,0.97400901388942,0.9757488427253683,"42,123,456,789,2024",0.974808;0.975103;0.975821;0.974480;0.973957
LDA (ESM2),affinity_cv_mean,5,0.9311,0.0013532368602724078,0.9295,0.9332499999999999,0.929625,0.9330249999999999,"42,123,456,789,2024",0.929500;0.931000;0.933250;0.931000;0.930750
LDA (ESM2),affinity_mcc,5,0.8548003692113617,0.0028558012130886737,0.8514815888621973,0.8593702467570494,0.8517364898847101,0.8588981186129278,"42,123,456,789,2024",0.851482;0.854470;0.859370;0.854649;0.854031
LDA (ESM2),igg_aff_pval,5,9.462358386381671e-07,0.0,9.462358386381671e-07,9.462358386381671e-07,9.462358386381671e-07,9.462358386381671e-07,"42,123,456,789,2024",0.000001;0.000001;0.000001;0.000001;0.000001
LDA (ESM2),igg_aff_rho,5,0.6749657559699859,0.0,0.6749657559699859,0.6749657559699859,0.6749657559699859,0.6749657559699859,"42,123,456,789,2024",0.674966;0.674966;0.674966;0.674966;0.674966
LDA (ESM2),igg_spec_pval,5,1.1429867434290264e-05,0.0,1.1429867434290264e-05,1.1429867434290264e-05,1.1429867434290264e-05,1.1429867434290264e-05,"42,123,456,789,2024",0.000011;0.000011;0.000011;0.000011;0.000011
LDA (ESM2),igg_spec_rho,5,0.6210169148893903,0.0,0.6210169148893903,0.6210169148893903,0.6210169148893903,0.6210169148893903,"42,123,456,789,2024",0.621017;0.621017;0.621017;0.621017;0.621017
LDA (ESM2),iso_aff_pval,5,8.503728570411698e-35,0.0,8.503728570411698e-35,8.503728570411698e-35,8.503728570411698e-35,8.503728570411698e-35,"42,123,456,789,2024",0.000000;0.000000;0.000000;0.000000;0.000000
LDA (ESM2),iso_aff_rho,5,0.8404739407574053,0.0,0.8404739407574053,0.8404739407574053,0.8404739407574053,0.8404739407574053,"42,123,456,789,2024",0.840474;0.840474;0.840474;0.840474;0.840474
LDA (ESM2),iso_spec_pval,5,2.8254917670485857e-21,0.0,2.8254917670485857e-21,2.8254917670485857e-21,2.8254917670485857e-21,2.8254917670485857e-21,"42,123,456,789,2024",0.000000;0.000000;0.000000;0.000000;0.000000
LDA (ESM2),iso_spec_rho,5,0.7183832020997376,0.0,0.7183832020997376,0.7183832020997376,0.7183832020997376,0.7183832020997376,"42,123,456,789,2024",0.718383;0.718383;0.718383;0.718383;0.718383
LDA (ESM2),specificity_auc,5,0.976681525,0.001039924934941252,0.9752481249999999,0.977777125,0.9753545874999999,0.977761425,"42,123,456,789,2024",0.976449;0.975248;0.977620;0.976313;0.977777
LDA (ESM2),specificity_cv_mean,5,0.92875,0.0013110110602126508,0.9270000000000002,0.93,0.9270750000000001,0.929975,"42,123,456,789,2024",0.927750;0.927000;0.929750;0.930000;0.929250
LDA (ESM2),specificity_mcc,5,0.8575040892757704,0.002619859327360427,0.8540068320819851,0.8600004300003226,0.8541566728723509,0.8599506555952994,"42,123,456,789,2024",0.855505;0.854007;0.859503;0.860000;0.858505
LDA (Fusion-ESM2),affinity_auc,5,0.9722747483631389,0.0007519628618881125,0.9715289993159386,0.9731864407139731,0.9715360762707184,0.9731587569415233,"42,123,456,789,2024",0.971600;0.972910;0.973186;0.971529;0.972149
LDA (Fusion-ESM2),affinity_cv_mean,5,0.92825,0.0024811791551599496,0.9254999999999999,0.93225,0.9256749999999999,0.9318500000000001,"42,123,456,789,2024",0.925500;0.927250;0.932250;0.928250;0.928000
LDA (Fusion-ESM2),affinity_mcc,5,0.8491593651123562,0.005290584749752839,0.843501891334639,0.857766231509499,0.8438342584729489,0.8569093977114732,"42,123,456,789,2024",0.843502;0.846826;0.857766;0.849198;0.848505
LDA (Fusion-ESM2),igg_aff_pval,5,2.1341893499636374e-05,0.0,2.1341893499636374e-05,2.1341893499636374e-05,2.1341893499636374e-05,2.1341893499636374e-05,"42,123,456,789,2024",0.000021;0.000021;0.000021;0.000021;0.000021
LDA (Fusion-ESM2),igg_aff_rho,5,0.6057093874011564,0.0,0.6057093874011564,0.6057093874011564,0.6057093874011564,0.6057093874011564,"42,123,456,789,2024",0.605709;0.605709;0.605709;0.605709;0.605709
LDA (Fusion-ESM2),igg_spec_pval,5,0.00011058377582743586,0.0,0.00011058377582743586,0.00011058377582743586,0.00011058377582743586,0.00011058377582743586,"42,123,456,789,2024",0.000111;0.000111;0.000111;0.000111;0.000111
LDA (Fusion-ESM2),igg_spec_rho,5,0.5611774471797193,0.0,0.5611774471797193,0.5611774471797193,0.5611774471797193,0.5611774471797193,"42,123,456,789,2024",0.561177;0.561177;0.561177;0.561177;0.561177
LDA (Fusion-ESM2),iso_aff_pval,5,1.7679168503920124e-34,0.0,1.7679168503920124e-34,1.7679168503920124e-34,1.7679168503920124e-34,1.7679168503920124e-34,"42,123,456,789,2024",0.000000;0.000000;0.000000;0.000000;0.000000
LDA (Fusion-ESM2),iso_aff_rho,5,0.8384041994750657,1.2412670766236366e-16,0.8384041994750656,0.8384041994750656,0.8384041994750656,0.8384041994750656,"42,123,456,789,2024",0.838404;0.838404;0.838404;0.838404;0.838404
LDA (Fusion-ESM2),iso_spec_pval,5,2.798541435896733e-19,0.0,2.798541435896733e-19,2.798541435896733e-19,2.798541435896733e-19,2.798541435896733e-19,"42,123,456,789,2024",0.000000;0.000000;0.000000;0.000000;0.000000
LDA (Fusion-ESM2),iso_spec_rho,5,0.6922024746906638,0.0,0.6922024746906638,0.6922024746906638,0.6922024746906638,0.6922024746906638,"42,123,456,789,2024",0.692202;0.692202;0.692202;0.692202;0.692202
LDA (Fusion-ESM2),specificity_auc,5,0.9752297750000001,0.0005591677996138676,0.9746405,0.9758620000000001,0.9746451500000001,0.9758442875000001,"42,123,456,789,2024",0.974641;0.975275;0.974687;0.975685;0.975862
LDA (Fusion-ESM2),specificity_cv_mean,5,0.92875,0.0014684175155588357,0.9272500000000001,0.931,0.9273000000000001,0.930825,"42,123,456,789,2024",0.927250;0.929250;0.931000;0.928500;0.927750
LDA (Fusion-ESM2),specificity_mcc,5,0.8575063135453129,0.002932979323012843,0.8545180518845211,0.8620038790261834,0.8546167706946333,0.8616537594060726,"42,123,456,789,2024",0.854518;0.858503;0.862004;0.857002;0.855505
LDA (OneHot),affinity_auc,5,0.9733942615323825,0.0003168786381772918,0.9730425116524118,0.9738519134598634,0.9730597459625508,0.9738227824302449,"42,123,456,789,2024",0.973043;0.973215;0.973301;0.973852;0.973561
LDA (OneHot),affinity_cv_mean,5,0.92175,0.0009519716382330077,0.92075,0.92325,0.9208,0.923125,"42,123,456,789,2024",0.922000;0.921500;0.920750;0.923250;0.921250
LDA (OneHot),affinity_mcc,5,0.8384427432350179,0.002031862480324946,0.836187716042611,0.8416234150914023,0.8363327942131074,0.8413566303564425,"42,123,456,789,2024",0.838956;0.837809;0.836188;0.841623;0.837638
LDA (OneHot),igg_aff_pval,5,8.123455150839684e-08,0.0,8.123455150839684e-08,8.123455150839684e-08,8.123455150839684e-08,8.123455150839684e-08,"42,123,456,789,2024",0.000000;0.000000;0.000000;0.000000;0.000000
LDA (OneHot),igg_aff_rho,5,0.7190822249412309,0.0,0.7190822249412309,0.7190822249412309,0.7190822249412309,0.7190822249412309,"42,123,456,789,2024",0.719082;0.719082;0.719082;0.719082;0.719082
LDA (OneHot),igg_spec_pval,5,2.607380525415581e-09,0.0,2.607380525415581e-09,2.607380525415581e-09,2.607380525415581e-09,2.607380525415581e-09,"42,123,456,789,2024",0.000000;0.000000;0.000000;0.000000;0.000000
LDA (OneHot),igg_spec_rho,5,0.7694804181094547,0.0,0.7694804181094547,0.7694804181094547,0.7694804181094547,0.7694804181094547,"42,123,456,789,2024",0.769480;0.769480;0.769480;0.769480;0.769480
LDA (OneHot),iso_aff_pval,5,1.2340454059953319e-39,0.0,1.2340454059953319e-39,1.2340454059953319e-39,1.2340454059953319e-39,1.2340454059953319e-39,"42,123,456,789,2024",0.000000;0.000000;0.000000;0.000000;0.000000
LDA (OneHot),iso_aff_rho,5,0.868652418447694,0.0,0.868652418447694,0.868652418447694,0.868652418447694,0.868652418447694,"42,123,456,789,2024",0.868652;0.868652;0.868652;0.868652;0.868652
LDA (OneHot),iso_spec_pval,5,1.0350057566653719e-17,0.0,1.0350057566653719e-17,1.0350057566653719e-17,1.0350057566653719e-17,1.0350057566653719e-17,"42,123,456,789,2024",0.000000;0.000000;0.000000;0.000000;0.000000
LDA (OneHot),iso_spec_rho,5,0.6694773153355831,0.0,0.6694773153355831,0.6694773153355831,0.6694773153355831,0.6694773153355831,"42,123,456,789,2024",0.669477;0.669477;0.669477;0.669477;0.669477
LDA (OneHot),specificity_auc,5,0.9750486,0.00028868828344771446,0.9746885,0.9754592499999999,0.974707975,0.9754262999999999,"42,123,456,789,2024",0.975082;0.974883;0.975459;0.974688;0.975130
LDA (OneHot),specificity_cv_mean,5,0.9217500000000001,0.0010752906583802937,0.9205,0.9227500000000001,0.920525,0.9227500000000001,"42,123,456,789,2024",0.922000;0.922750;0.922750;0.920500;0.920750
LDA (OneHot),specificity_mcc,5,0.8443143229217727,0.002167873194224968,0.8418152719660622,0.8463383960685446,0.8418598458469161,0.8463346650374738,"42,123,456,789,2024",0.844856;0.846338;0.846301;0.841815;0.842261
MOLM (ESM2),igg_aff_pval,5,3.327925569627704e-05,7.324059274060349e-05,1.221809103833141e-08,0.00016428999649942302,1.3843059138482954e-08,0.00014803300602801435,"42,123,456,789,2024",0.000000;0.000002;0.000164;0.000000;0.000000
MOLM (ESM2),igg_aff_rho,5,0.6780798596620737,0.07950220926817099,0.5494284508826931,0.7482769470545547,0.5607819539267636,0.7470199520746755,"42,123,456,789,2024",0.748277;0.662963;0.549428;0.694023;0.735707
MOLM (ESM2),igg_spec_pval,5,0.00021926107468436587,0.0002542904926549539,1.8271060986485936e-06,0.0005289124373721339,5.779215481218111e-06,0.0005222530981872257,"42,123,456,789,2024",0.000529;0.000462;0.000062;0.000002;0.000041
MOLM (ESM2),igg_spec_rho,5,0.5712804250613249,0.061316838034235224,0.5119598904049628,0.6617207262582993,0.512413956826608,0.6544070135382284,"42,123,456,789,2024",0.511960;0.516501;0.577637;0.661721;0.588584
MOLM (ESM2),iso_aff_pval,5,2.1021123389023166e-40,4.665102831899252e-40,5.135985252062163e-45,1.0447194209272557e-39,6.568907716598025e-45,9.408140950279236e-40,"42,123,456,789,2024",0.000000;0.000000;0.000000;0.000000;0.000000
MOLM (ESM2),iso_aff_rho,5,0.8838425196850395,0.009863936646602576,0.8690303712035996,0.8938252718410199,0.8701570303712036,0.8935811023622048,"42,123,456,789,2024",0.884676;0.891384;0.880297;0.869030;0.893825
MOLM (ESM2),iso_spec_pval,5,6.886038277575192e-15,7.158939867320343e-15,1.2415298373366463e-15,1.9249876920459527e-14,1.4091030714429506e-15,1.7936905523010172e-14,"42,123,456,789,2024",0.000000;0.000000;0.000000;0.000000;0.000000
MOLM (ESM2),iso_spec_rho,5,0.6258411698537685,0.007817333187897409,0.6146441694788153,0.6359115110611174,0.6155530558680167,0.6352659917510312,"42,123,456,789,2024",0.614644;0.623733;0.629456;0.625461;0.635912
MOLM (Fusion-ESM2),igg_aff_pval,5,0.0035687422424438,0.00796344474556522,5.196456977504247e-09,0.01781417023800749,8.118249578867926e-09,0.01603549001244117,"42,123,456,789,2024",0.000027;0.000002;0.000000;0.017814;0.000000
MOLM (Fusion-ESM2),igg_aff_rho,5,0.6229829313182064,0.15797021293922037,0.3639608690127714,0.7602792217011435,0.38750316853915456,0.7575300520354722,"42,123,456,789,2024",0.599384;0.658503;0.760279;0.363961;0.732788
MOLM (Fusion-ESM2),igg_spec_pval,5,3.4958992037572986e-05,6.229127800402944e-05,4.64795730636746e-07,0.0001459489598428283,7.944217128703024e-07,0.00013283936012247824,"42,123,456,789,2024",0.000146;0.000010;0.000015;0.000004;0.000000
MOLM (Fusion-ESM2),igg_spec_rho,5,0.6254764958162627,0.04946834947274934,0.5529880349321898,0.6885592951091137,0.5591584732691898,0.6843429640509797,"42,123,456,789,2024",0.552988;0.624747;0.614692;0.646396;0.688559
MOLM (Fusion-ESM2),iso_aff_pval,5,2.5391312380090916e-38,5.62838812493621e-38,5.207843627569754e-44,1.2607268419386966e-37,1.8165304396982153e-43,1.135533455251442e-37,"42,123,456,789,2024",0.000000;0.000000;0.000000;0.000000;0.000000
MOLM (Fusion-ESM2),iso_aff_rho,5,0.8762642669666292,0.012692836312632065,0.8576677915260593,0.8895418072740908,0.8588430446194226,0.8889088863892014,"42,123,456,789,2024",0.881479;0.869420;0.889542;0.857668;0.883213
MOLM (Fusion-ESM2),iso_spec_pval,5,3.1126385417177035e-16,3.774314400540034e-16,4.0966707111348226e-19,7.513157758976203e-16,5.416072505595489e-19,7.452643883336922e-16,"42,123,456,789,2024",0.000000;0.000000;0.000000;0.000000;0.000000
MOLM (Fusion-ESM2),iso_spec_rho,5,0.6608179977502814,0.023349404138284333,0.6396370453693289,0.6898987626546682,0.6396988376452943,0.6890084739407575,"42,123,456,789,2024",0.640255;0.639637;0.680996;0.653303;0.689899
MOLM (OneHot),igg_aff_pval,5,0.03633678565260412,0.06938574054790285,0.00010251399257847564,0.15960507352747738,0.0001662205245351008,0.1455994241870227,"42,123,456,789,2024",0.159605;0.019549;0.000103;0.001688;0.000740
MOLM (OneHot),igg_aff_rho,5,0.4227395762009302,0.13490601576008265,0.22098782710779905,0.5633770403368367,0.23479044295137608,0.5570758461473776,"42,123,456,789,2024",0.220988;0.359014;0.563377;0.469954;0.500365
MOLM (OneHot),igg_spec_pval,5,3.365997427534403e-05,4.507117761706517e-05,5.512271887204181e-08,9.13608931321547e-05,5.6696695616478315e-08,8.959651191314284e-05,"42,123,456,789,2024",0.000091;0.000003;0.000000;0.000000;0.000074
MOLM (OneHot),igg_spec_rho,5,0.6473527673448118,0.0768712007367546,0.5666911108711252,0.7253711085782067,0.5672992355429715,0.7249656921303093,"42,123,456,789,2024",0.566691;0.650612;0.725371;0.721317;0.572772
MOLM (OneHot),iso_aff_pval,5,7.214411041021924e-37,1.5949929272573576e-36,6.116296512006456e-43,3.5745418964999026e-36,1.258589380339057e-41,3.220322304883885e-36,"42,123,456,789,2024",0.000000;0.000000;0.000000;0.000000;0.000000
MOLM (OneHot),iso_aff_rho,5,0.8682948631421074,0.013637024301008533,0.8491068616422948,0.8847844019497565,0.8502959130108737,0.8836889388826399,"42,123,456,789,2024",0.849107;0.872756;0.884784;0.860997;0.873830
MOLM (OneHot),iso_spec_pval,5,1.2778417663462786e-16,2.1959583025790707e-16,5.2233828258133785e-18,5.1390020253671555e-16,5.3483594777457845e-18,4.726202105774869e-16,"42,123,456,789,2024",0.000000;0.000000;0.000000;0.000000;0.000000
MOLM (OneHot),iso_spec_rho,5,0.6622626171728535,0.013612419822036297,0.6424206974128235,0.6739407574053244,0.6435809523809525,0.6738015748031497,"42,123,456,789,2024",0.642421;0.668379;0.673941;0.654023;0.672549
MOLM (esm2),aff_aps_mean,5,0.9258634204941499,0.0010053618500088781,0.9246694621358081,0.9270195193754306,0.9247356785565519,0.9269970393251037,"42,123,456,789,2024",0.927020;0.925502;0.925332;0.926795;0.924669
MOLM (esm2),aff_aucs_mean,5,0.9522738902586994,0.001054134274420286,0.9504757138312513,0.9531418331450796,0.9506613824674881,0.9531179458183766,"42,123,456,789,2024",0.952517;0.952332;0.950476;0.952903;0.953142
MOLM (esm2),aff_mccs_mean,5,0.7512101075312668,0.008513829874785675,0.743373168976383,0.7644393039462426,0.7435627843966855,0.7634443816981071,"42,123,456,789,2024",0.764439;0.754490;0.748479;0.743373;0.745269
MOLM (esm2),affinity_accs_mean,5,0.8763499999999999,0.007229712995686554,0.86875,0.8854999999999998,0.86885,0.8850749999999998,"42,123,456,789,2024",0.885500;0.881250;0.876500;0.868750;0.869750
MOLM (esm2),affinity_mean,5,0.8763499999999999,0.007229712995686554,0.86875,0.8854999999999998,0.86885,0.8850749999999998,"42,123,456,789,2024",0.885500;0.881250;0.876500;0.868750;0.869750
MOLM (esm2),spec_aps_mean,5,0.9620666588654062,0.001471116757767631,0.9596071429868711,0.9633814924055951,0.9598428429076828,0.9633336375366752,"42,123,456,789,2024",0.962903;0.963381;0.961964;0.962478;0.959607
MOLM (esm2),spec_aucs_mean,5,0.96237175,0.0010946773211773844,0.960845,0.9639087500000001,0.9609807499999999,0.9637801250000001,"42,123,456,789,2024",0.962622;0.963909;0.962203;0.962280;0.960845
MOLM (esm2),spec_mccs_mean,5,0.8095350751697428,0.0027452855957989463,0.8050653538977197,0.8118476898907605,0.8054437549540976,0.81179786131341,"42,123,456,789,2024",0.810564;0.811349;0.808849;0.805065;0.811848
MOLM (esm2),specificity_accs_mean,5,0.90425,0.0014469796128488298,0.9019999999999999,0.90575,0.902175,0.905675,"42,123,456,789,2024",0.904750;0.905000;0.903750;0.902000;0.905750
MOLM (esm2),specificity_mean,5,0.90425,0.0014469796128488298,0.9019999999999999,0.90575,0.902175,0.905675,"42,123,456,789,2024",0.904750;0.905000;0.903750;0.902000;0.905750
MOLM (fusion_esm2),aff_aps_mean,5,0.9687670567687194,0.0012074535851870594,0.9673959149003328,0.9705200856438804,0.967471900616216,0.9704051737888721,"42,123,456,789,2024",0.967396;0.970520;0.969371;0.968156;0.968393
MOLM (fusion_esm2),aff_aucs_mean,5,0.9772154393371638,0.0005779958533222598,0.9764334681337139,0.9779826191300334,0.9764824825262038,0.9779257610792692,"42,123,456,789,2024",0.976433;0.977983;0.977323;0.976924;0.977414
MOLM (fusion_esm2),aff_mccs_mean,5,0.853044215380921,0.00843814874043387,0.8427580101762002,0.865900056707814,0.843427751127556,0.8647061702946401,"42,123,456,789,2024",0.865900;0.842758;0.853961;0.853146;0.849455
MOLM (fusion_esm2),affinity_accs_mean,5,0.9295500000000001,0.004378213105822973,0.9252499999999999,0.9365,0.925375,0.935875,"42,123,456,789,2024",0.936500;0.925250;0.930250;0.929250;0.926500
MOLM (fusion_esm2),affinity_mean,5,0.9295500000000001,0.004378213105822973,0.9252499999999999,0.9365,0.925375,0.935875,"42,123,456,789,2024",0.936500;0.925250;0.930250;0.929250;0.926500
MOLM (fusion_esm2),spec_aps_mean,5,0.9789278248305664,0.00017496238551789224,0.9787136038247978,0.9791175296648591,0.9787255014623653,0.9791155758020063,"42,123,456,789,2024",0.979098;0.978877;0.978714;0.978833;0.979118
MOLM (fusion_esm2),spec_aucs_mean,5,0.97899325,0.00024028076025762676,0.9787337500000002,0.979315,0.9787427500000002,0.9792995,"42,123,456,789,2024",0.978824;0.978734;0.979160;0.979315;0.978934
MOLM (fusion_esm2),spec_mccs_mean,5,0.8579435929003708,0.001753440169084351,0.8555565973867532,0.8601685580736154,0.8556964333835865,0.8600108666696185,"42,123,456,789,2024",0.856955;0.860169;0.858592;0.858446;0.855557
MOLM (fusion_esm2),specificity_accs_mean,5,0.9285,0.000728868986855668,0.9275,0.9295,0.927575,0.929425,"42,123,456,789,2024",0.928250;0.929500;0.928500;0.928750;0.927500
MOLM (fusion_esm2),specificity_mean,5,0.9285,0.000728868986855668,0.9275,0.9295,0.927575,0.929425,"42,123,456,789,2024",0.928250;0.929500;0.928500;0.928750;0.927500
MOLM (onehot),aff_aps_mean,5,0.9661878241185899,0.003273613649712083,0.9604678535440788,0.9684581671016671,0.9610873908188575,0.9684213560623479,"42,123,456,789,2024",0.968090;0.967260;0.960468;0.966663;0.968458
MOLM (onehot),aff_aucs_mean,5,0.976069362532223,0.0012088486963761063,0.9739733374598591,0.9768736682652156,0.9741928715617117,0.9768733828808933,"42,123,456,789,2024",0.976460;0.976169;0.973973;0.976871;0.976874
MOLM (onehot),aff_mccs_mean,5,0.8530749465302779,0.009091508617808356,0.8416347253885172,0.862612009374273,0.8420233742915589,0.8623183991979474,"42,123,456,789,2024",0.862612;0.859676;0.845521;0.841635;0.855931
MOLM (onehot),affinity_accs_mean,5,0.9289999999999999,0.005117372372614638,0.92225,0.9342499999999999,0.92255,0.9341249999999999,"42,123,456,789,2024",0.934250;0.933000;0.925250;0.922250;0.930250
MOLM (onehot),affinity_mean,5,0.9289999999999999,0.005117372372614638,0.92225,0.9342499999999999,0.92255,0.9341249999999999,"42,123,456,789,2024",0.934250;0.933000;0.925250;0.922250;0.930250
MOLM (onehot),spec_aps_mean,5,0.9780650622469252,0.0007986198474648985,0.9769676413128465,0.9788516937863212,0.9770216734077569,0.9788307562521928,"42,123,456,789,2024",0.978852;0.976968;0.978356;0.978642;0.977508
MOLM (onehot),spec_aucs_mean,5,0.9785127499999999,0.0002621610907438241,0.97819,0.9788375,0.978204375,0.97882325,"42,123,456,789,2024",0.978508;0.978190;0.978695;0.978334;0.978838
MOLM (onehot),spec_mccs_mean,5,0.8577515180250035,0.0030490742942685624,0.8536590483886515,0.8620407519629076,0.8539531631479982,0.8616956430203141,"42,123,456,789,2024",0.853659;0.857868;0.862041;0.858590;0.856600
MOLM (onehot),specificity_accs_mean,5,0.92835,0.0015471748446765354,0.9262500000000001,0.9305,0.9264000000000001,0.930325,"42,123,456,789,2024",0.926250;0.928500;0.930500;0.928750;0.927750
MOLM (onehot),specificity_mean,5,0.92835,0.0015471748446765354,0.9262500000000001,0.9305,0.9264000000000001,0.930325,"42,123,456,789,2024",0.926250;0.928500;0.930500;0.928750;0.927750
MOLM-ST (ESM2),igg_aff_pval,5,5.758983782654706e-07,6.38776288886416e-07,2.772209788542942e-08,1.5828271117117011e-06,2.938785881754592e-08,1.498535448905589e-06,"42,123,456,789,2024",0.000000;0.000002;0.000000;0.000000;0.000001
MOLM-ST (ESM2),igg_aff_rho,5,0.6994244453849261,0.03138687221990457,0.6646665067800077,0.7361124795073365,0.6661749007558628,0.7353826114545033,"42,123,456,789,2024",0.736112;0.664667;0.687779;0.728814;0.679750
MOLM-ST (ESM2),igg_spec_pval,5,8.013661523942266e-06,6.250410316079253e-06,6.472731967826371e-07,1.5252559563479081e-05,8.405393947234986e-07,1.4958655694701219e-05,"42,123,456,789,2024",0.000009;0.000015;0.000003;0.000001;0.000012
MOLM-ST (ESM2),igg_spec_rho,5,0.63921200507103,0.02872252360789907,0.6140437519855533,0.6823158818114923,0.6145626850388621,0.6795347249789154,"42,123,456,789,2024",0.625963;0.614044;0.654504;0.682316;0.619233
MOLM-ST (ESM2),iso_aff_pval,5,6.94472651322512e-41,9.842005686661239e-41,1.3800590716735103e-44,2.099936576534192e-40,2.188352628284927e-44,2.026922019764629e-40,"42,123,456,789,2024",0.000000;0.000000;0.000000;0.000000;0.000000
MOLM-ST (ESM2),iso_aff_rho,5,0.8828094488188978,0.009049364572756569,0.8726119235095613,0.8920194975628049,0.8727055118110236,0.8916583427071618,"42,123,456,789,2024",0.873548;0.892019;0.872612;0.888408;0.887460
MOLM-ST (ESM2),iso_spec_pval,5,2.4314408115929e-16,1.2463326524511214e-16,9.292869985193836e-17,4.3433349736202267e-16,1.0256272129635888e-16,4.1624688721553225e-16,"42,123,456,789,2024",0.000000;0.000000;0.000000;0.000000;0.000000
MOLM-ST (ESM2),iso_spec_rho,5,0.6486275215598051,0.003986910418853385,0.6436445444319461,0.6546111736032997,0.6440326959130109,0.6541108361454819,"42,123,456,789,2024",0.654611;0.647748;0.647526;0.649608;0.643645
MOLM-ST (Fusion-ESM2),igg_aff_pval,5,0.0004008661857178245,0.00047054098585134395,1.0815109621527846e-05,0.0009223159274734661,1.6012055131391333e-05,0.0009208738698008604,"42,123,456,789,2024",0.000101;0.000908;0.000011;0.000063;0.000922
MOLM-ST (Fusion-ESM2),igg_aff_rho,5,0.5498177138442041,0.05638397724690817,0.4924987427617114,0.6223341597156881,0.4925555102769318,0.6178251970781858,"42,123,456,789,2024",0.563945;0.493066;0.622334;0.577245;0.492499
MOLM-ST (Fusion-ESM2),igg_spec_pval,5,1.536264109135618e-06,1.809084727481957e-06,2.5912204367703092e-09,4.186869723618062e-06,9.853795324036258e-09,4.026176268875381e-06,"42,123,456,789,2024",0.000003;0.000001;0.000000;0.000004;0.000000
MOLM-ST (Fusion-ESM2),igg_spec_rho,5,0.6931648259572293,0.051797862345285904,0.6440445691299683,0.7695615013990342,0.6450905435655439,0.7646397457215586,"42,123,456,789,2024",0.654504;0.677370;0.720344;0.644045;0.769562
MOLM-ST (Fusion-ESM2),iso_aff_pval,5,1.1090569283886487e-38,2.0435119987991376e-38,2.9462531968648795e-41,4.746248239176341e-38,1.4234140248630174e-40,4.325900522144817e-38,"42,123,456,789,2024",0.000000;0.000000;0.000000;0.000000;0.000000
MOLM-ST (Fusion-ESM2),iso_aff_rho,5,0.8678725159355082,0.006116564258294911,0.8600674915635547,0.8768533933258345,0.8605846269216348,0.8760476940382453,"42,123,456,789,2024",0.876853;0.860067;0.868406;0.868796;0.865239
MOLM-ST (Fusion-ESM2),iso_spec_pval,5,3.944489559708173e-16,8.190973790661872e-16,2.9356426063671287e-18,1.858535573738327e-15,3.1145868508812743e-18,1.6810038746185197e-15,"42,123,456,789,2024",0.000000;0.000000;0.000000;0.000000;0.000000
MOLM-ST (Fusion-ESM2),iso_spec_rho,5,0.6609415823022123,0.017987262235926216,0.6328818897637796,0.677642294713161,0.6351316085489315,0.6773369328833897,"42,123,456,789,2024",0.655379;0.632882;0.674589;0.664216;0.677642
MOLM-ST (OneHot),igg_aff_pval,5,0.0005751346168374148,0.0007338266442011153,1.031691735487858e-06,0.0018202663209405774,7.862060404546523e-06,0.0016922748605476953,"42,123,456,789,2024",0.000069;0.001820;0.000540;0.000445;0.000001
MOLM-ST (OneHot),igg_aff_rho,5,0.5487634599901117,0.07938624679373005,0.46703445736286775,0.6732627305133754,0.47145421390502373,0.6633851828650341,"42,123,456,789,2024",0.574487;0.467034;0.511232;0.517801;0.673263
MOLM-ST (OneHot),igg_spec_pval,5,0.0001523191600107528,0.00033985935705335826,9.32834978867432e-10,0.000760277440235703,5.4037812145533045e-09,0.0006843664787358881,"42,123,456,789,2024",0.000001;0.000000;0.000760;0.000000;0.000000
MOLM-ST (OneHot),igg_spec_rho,5,0.6792022834916395,0.10812225756479871,0.4993919805201403,0.7824537444421746,0.5165329879372466,0.777045489027222,"42,123,456,789,2024",0.670802;0.714992;0.499392;0.782454;0.728371
MOLM-ST (OneHot),iso_aff_pval,5,2.4422806015593193e-35,5.290958052718289e-35,6.645779512984628e-38,1.1905182933088131e-34,6.918863273800882e-38,1.074035509666835e-34,"42,123,456,789,2024",0.000000;0.000000;0.000000;0.000000;0.000000
MOLM-ST (OneHot),iso_aff_rho,5,0.852477240344957,0.008100833185546875,0.8395260592425948,0.8592455943007126,0.840571128608924,0.8591610048743908,"42,123,456,789,2024",0.855238;0.849977;0.839526;0.858400;0.859246
MOLM-ST (OneHot),iso_spec_pval,5,2.813293714164072e-17,4.824503026384951e-17,5.271226007400007e-19,1.1206285876620497e-16,5.364924987737446e-19,1.0351774890539687e-16,"42,123,456,789,2024",0.000000;0.000000;0.000000;0.000000;0.000000
MOLM-ST (OneHot),iso_spec_rho,5,0.6755389576302963,0.01620318631893242,0.6533033370828648,0.6883629546306712,0.6542914135733034,0.6882627671541057,"42,123,456,789,2024",0.663184;0.688363;0.653303;0.685483;0.687361
MOLM-ST (esm2),aff_aucs_mean,5,0.9564190677370098,0.0005770063561272985,0.9558308182604061,0.9571274783958448,0.955855117401882,0.9571090822698325,"42,123,456,789,2024",0.957127;0.955831;0.956120;0.956074;0.956944
MOLM-ST (esm2),aff_mccs_mean,5,0.7710089883624726,0.006134985025991218,0.7646914025349327,0.7788435094055026,0.7647290769127277,0.7784258464587813,"42,123,456,789,2024",0.778844;0.764691;0.774667;0.765068;0.771775
MOLM-ST (esm2),affinity_mean,5,0.8875499999999998,0.003554926159570712,0.883,0.89175,0.8833,0.891625,"42,123,456,789,2024",0.891750;0.886500;0.890500;0.883000;0.886000
MOLM-ST (esm2),spec_aucs_mean,5,0.9632940000000001,0.0006674130327241045,0.96248,0.96428875,0.962538125,0.9642111250000001,"42,123,456,789,2024",0.963128;0.964289;0.963512;0.963061;0.962480
MOLM-ST (esm2),spec_mccs_mean,5,0.8048214498780345,0.005610747012782623,0.796842278570937,0.8116911848068786,0.79737654413149,0.8112654751903138,"42,123,456,789,2024",0.805955;0.796842;0.807434;0.811691;0.802185
MOLM-ST (esm2),specificity_mean,5,0.90145,0.0033837848631377743,0.8967499999999999,0.9057499999999999,0.8970499999999999,0.90545,"42,123,456,789,2024",0.902250;0.896750;0.902750;0.905750;0.899750
MOLM-ST (fusion_esm2),aff_aucs_mean,5,0.9774137544632581,0.0006282806663254479,0.9768288472827782,0.9782676770819239,0.9768478740601658,0.9782300398163692,"42,123,456,789,2024",0.976829;0.977062;0.977891;0.978268;0.977019
MOLM-ST (fusion_esm2),aff_mccs_mean,5,0.8566766861460413,0.007893473026664771,0.8430592445652234,0.8635210573821179,0.8445417367852835,0.863117753624648,"42,123,456,789,2024",0.859488;0.843059;0.863521;0.857884;0.859431
MOLM-ST (fusion_esm2),affinity_mean,5,0.9310499999999999,0.0041056363696751995,0.924,0.93475,0.924775,0.9345249999999999,"42,123,456,789,2024",0.932500;0.924000;0.934750;0.931750;0.932250
MOLM-ST (fusion_esm2),spec_aucs_mean,5,0.97883,0.0008072721234194338,0.97780375,0.9800600000000002,0.977886375,0.9799386250000002,"42,123,456,789,2024",0.978810;0.978630;0.977804;0.978846;0.980060
MOLM-ST (fusion_esm2),spec_mccs_mean,5,0.8521657968882146,0.007201880571548159,0.8404989550565904,0.859618163732291,0.8415689596183928,0.8592173687262146,"42,123,456,789,2024",0.851199;0.855610;0.840499;0.853903;0.859618
MOLM-ST (fusion_esm2),specificity_mean,5,0.9254999999999999,0.004081206929328696,0.9187499999999998,0.9295,0.9193999999999999,0.9293,"42,123,456,789,2024",0.925250;0.927500;0.918750;0.926500;0.929500
MOLM-ST (onehot),aff_aucs_mean,5,0.977262399861298,0.0008734289480541191,0.9763000932434724,0.9782252106102071,0.9763232987955934,0.9782100790579302,"42,123,456,789,2024",0.978074;0.976300;0.977181;0.976532;0.978225
MOLM-ST (onehot),aff_mccs_mean,5,0.8600245502943065,0.0102668912007941,0.8428963687517843,0.8676781194857137,0.8444384008608247,0.867617554650007,"42,123,456,789,2024",0.867072;0.867678;0.864159;0.842896;0.858317
MOLM-ST (onehot),affinity_mean,5,0.9328,0.005780895259386732,0.92325,0.93725,0.924075,0.937175,"42,123,456,789,2024",0.936500;0.937250;0.935500;0.923250;0.931500
MOLM-ST (onehot),spec_aucs_mean,5,0.9783267500000001,0.0011148267802667377,0.9767750000000002,0.9798925,0.9769155000000002,0.97976275,"42,123,456,789,2024",0.979893;0.978191;0.976775;0.978180;0.978595
MOLM-ST (onehot),spec_mccs_mean,5,0.8569022947966772,0.007331304383975233,0.8486799548792415,0.8680495864840543,0.849160860439295,0.8671975318495054,"42,123,456,789,2024",0.868050;0.853489;0.848680;0.859529;0.854764
MOLM-ST (onehot),specificity_mean,5,0.9278000000000001,0.004233054452756259,0.9227500000000001,0.9339999999999999,0.92305,0.93355,"42,123,456,789,2024",0.934000;0.925750;0.922750;0.929500;0.927000
NN (ESM2),igg_aff_pval,5,8.433452818497372e-08,8.769934201243691e-08,1.526958256115973e-08,2.361732966163921e-07,1.7622532695696186e-08,2.2005727216677166e-07,"42,123,456,789,2024",0.000000;0.000000;0.000000;0.000000;0.000000
NN (ESM2),igg_aff_rho,5,0.7244410017646933,0.01611479576929384,0.7008619998725432,0.7450330890419633,0.7028146324302484,0.7436220108064859,"42,123,456,789,2024",0.700862;0.724999;0.720388;0.730922;0.745033
NN (ESM2),igg_spec_pval,5,2.1358957898548355e-05,1.3949684814336253e-05,1.3259427019602136e-05,4.5999489899446894e-05,1.3360637118458068e-05,4.329405816982259e-05,"42,123,456,789,2024",0.000019;0.000046;0.000013;0.000014;0.000014
NN (ESM2),igg_spec_rho,5,0.6086240970727251,0.01322946256176228,0.5857295194634201,0.6174492501478923,0.5880257638658387,0.6172708669108175,"42,123,456,789,2024",0.608692;0.585730;0.617449;0.615665;0.615584
NN (ESM2),iso_aff_pval,5,1.405840743688024e-40,2.057798957826501e-40,8.174844765398574e-42,4.934954113817733e-40,9.001928086584423e-42,4.59406691060569e-40,"42,123,456,789,2024",0.000000;0.000000;0.000000;0.000000;0.000000
NN (ESM2),iso_aff_rho,5,0.8756636715837913,0.0036013068832395517,0.8707178776296433,0.8795403347159988,0.870977273295608,0.879394625203904,"42,123,456,789,2024",0.876665;0.870718;0.879540;0.878083;0.873312
NN (ESM2),iso_spec_pval,5,1.1350003247076308e-15,5.50771851003567e-16,7.5499550402674075e-16,2.0300262726583006e-15,7.567231769397995e-16,1.957884530418696e-15,"42,123,456,789,2024",0.000000;0.000000;0.000000;0.000000;0.000000
NN (ESM2),iso_spec_rho,5,0.6371717771409882,0.0032407472055940136,0.6322146384320249,0.6396010498687664,0.6325450001936557,0.6395843746010964,"42,123,456,789,2024",0.639091;0.632215;0.639601;0.639434;0.635518
NN (Fusion-ESM2),igg_aff_pval,5,3.827265808581869e-06,4.558562518685484e-06,3.189659524954951e-07,9.014004555998035e-06,3.29181608084376e-07,8.97425410868864e-06,"42,123,456,789,2024",0.000009;0.000000;0.000000;0.000001;0.000009
NN (Fusion-ESM2),igg_aff_rho,5,0.6638546314731917,0.03402108619998323,0.6266322715823718,0.6954757087797292,0.626737696967781,0.6949671714085829,"42,123,456,789,2024",0.627687;0.690390;0.695476;0.679088;0.626632
NN (Fusion-ESM2),igg_spec_pval,5,7.139503833405748e-07,1.1103910144714456e-06,3.789510788554212e-08,2.618405538040143e-06,3.8035413951003924e-08,2.4348702403825605e-06,"42,123,456,789,2024",0.000000;0.000001;0.000003;0.000000;0.000000
NN (Fusion-ESM2),igg_spec_rho,5,0.7024099041388496,0.03443661727499436,0.6541904056550483,0.7312901887175102,0.6566369471532425,0.7312334304148045,"42,123,456,789,2024",0.730723;0.678656;0.654190;0.717190;0.731290
NN (Fusion-ESM2),iso_aff_pval,5,4.5978636022910456e-38,4.648508337529559e-38,7.945316530314151e-40,1.1815541817598068e-37,2.495471460754943e-39,1.1272578335390797e-37,"42,123,456,789,2024",0.000000;0.000000;0.000000;0.000000;0.000000
NN (Fusion-ESM2),iso_aff_rho,5,0.8620981107859848,0.004574039928395508,0.8578284840108709,0.8696490541519568,0.8579799613425614,0.8689273487705687,"42,123,456,789,2024",0.869649;0.861238;0.859343;0.857828;0.862432
NN (Fusion-ESM2),iso_spec_pval,5,3.729611144379161e-19,3.906534796087967e-19,5.092045973291124e-20,8.74583814904106e-19,5.3356931850616885e-20,8.585681410099019e-19,"42,123,456,789,2024",0.000000;0.000000;0.000000;0.000000;0.000000
NN (Fusion-ESM2),iso_spec_rho,5,0.6939830215070006,0.007752035105872524,0.6852493788873503,0.7022467078211478,0.685374229253238,0.7020198622931609,"42,123,456,789,2024",0.699978;0.686498;0.685249;0.695943;0.702247
NN (OneHot),igg_aff_pval,5,7.962100180388471e-06,5.50804237646499e-06,4.4710890220446986e-07,1.5140226068826442e-05,9.15601255242524e-07,1.462135089296785e-05,"42,123,456,789,2024",0.000015;0.000005;0.000000;0.000010;0.000009
NN (OneHot),igg_aff_rho,5,0.6387291126341703,0.029660170130152173,0.6142245146842092,0.6892807865173869,0.6152326401163604,0.6843053685838905,"42,123,456,789,2024",0.614225;0.639527;0.689281;0.624306;0.626308
NN (OneHot),igg_spec_pval,5,1.276231942983457e-07,2.0029046768564284e-07,2.7791884169078623e-08,4.854587926917384e-07,2.7897026942857047e-08,4.4202067968471577e-07,"42,123,456,789,2024",0.000000;0.000000;0.000000;0.000000;0.000000
NN (OneHot),igg_spec_rho,5,0.7229060721645777,0.020089797702208898,0.6877479401612576,0.7360741028027008,0.6916318819373217,0.7360173444999951,"42,123,456,789,2024",0.736074;0.728614;0.687748;0.726587;0.735507
NN (OneHot),iso_aff_pval,5,3.06242319613633e-38,4.856147649916615e-38,2.2217979758554758e-39,1.1684408029163118e-37,2.5008339494793794e-39,1.0690963026743706e-37,"42,123,456,789,2024",0.000000;0.000000;0.000000;0.000000;0.000000
NN (OneHot),iso_aff_rho,5,0.8633051563517501,0.003568248287218761,0.8578561154670367,0.8673085864266967,0.8583178230054473,0.8671202099737534,"42,123,456,789,2024",0.863463;0.865425;0.857856;0.867309;0.862473
NN (OneHot),iso_spec_pval,5,5.082260670833832e-19,8.743079176519776e-19,9.210040965756245e-20,2.0718100494032148e-18,9.314246905046189e-20,1.8785422855619535e-18,"42,123,456,789,2024",0.000000;0.000000;0.000000;0.000000;0.000000
NN (OneHot),iso_spec_rho,5,0.6939449428483533,0.007945310956625483,0.6798551776903002,0.698800351650849,0.6815068552718514,0.6987374893391574,"42,123,456,789,2024",0.696372;0.698172;0.679855;0.698800;0.696526
NN (esm2),affinity_auc_mean,5,0.9524127798792368,0.002803002782038496,0.9479399704443636,0.9548833584905101,0.9483248995262429,0.9548536537723599,"42,123,456,789,2024",0.952865;0.954586;0.954883;0.951789;0.947940
NN (esm2),affinity_cv_mean,5,0.8908000000000001,0.005627499444691357,0.8829999999999998,0.8960000000000001,0.8833749999999998,0.8958500000000001,"42,123,456,789,2024",0.894500;0.896000;0.893750;0.886750;0.883000
NN (esm2),affinity_mcc_mean,5,0.7701364967610818,0.010713812281060478,0.7553351902933014,0.7815075297791423,0.7560937123171526,0.7810032343027821,"42,123,456,789,2024",0.776465;0.781508;0.774455;0.762920;0.755335
NN (esm2),specificity_auc_mean,5,0.960223125,0.0010822970003076685,0.95870375,0.9614312499999998,0.958810125,0.9613943749999999,"42,123,456,789,2024",0.961063;0.960151;0.961431;0.959767;0.958704
NN (esm2),specificity_cv_mean,5,0.9012499999999999,0.0037416573867739577,0.8959999999999999,0.905,0.8962749999999999,0.90485,"42,123,456,789,2024",0.905000;0.903000;0.898750;0.903500;0.896000
NN (esm2),specificity_mcc_mean,5,0.8037406737612682,0.0070629055965500745,0.7935917983124622,0.8110394353363407,0.7941825214372764,0.8106895327714416,"42,123,456,789,2024",0.811039;0.807033;0.799499;0.807540;0.793592
NN (fusion_esm2),affinity_auc_mean,5,0.9767126884217383,0.0005950298492483472,0.9759815734872035,0.9775739325773204,0.9760204325623427,0.9774991095144552,"42,123,456,789,2024",0.976826;0.977574;0.976370;0.975982;0.976812
NN (fusion_esm2),affinity_cv_mean,5,0.9350999999999999,0.0012067518386146738,0.9335000000000001,0.93675,0.9336000000000001,0.9366249999999999,"42,123,456,789,2024",0.935500;0.936750;0.934500;0.933500;0.935250
NN (fusion_esm2),affinity_mcc_mean,5,0.863278290407197,0.0023246503498627912,0.8599001478153886,0.8662602802819117,0.8601675363988049,0.8660495407822068,"42,123,456,789,2024",0.863504;0.866260;0.862574;0.859900;0.864153
NN (fusion_esm2),specificity_auc_mean,5,0.9773668750000001,0.00020942536707622096,0.977129375,0.9776325000000001,0.9771420625,0.9776228750000001,"42,123,456,789,2024",0.977536;0.977129;0.977633;0.977256;0.977280
NN (fusion_esm2),specificity_cv_mean,5,0.92845,0.002928310092869274,0.924,0.9315000000000001,0.92435,0.9314000000000001,"42,123,456,789,2024",0.924000;0.928750;0.927500;0.931500;0.930500
NN (fusion_esm2),specificity_mcc_mean,5,0.8574955614627235,0.005643651953635946,0.8490802115043051,0.8632956323510879,0.8497225911887122,0.8631504975179224,"42,123,456,789,2024",0.849080;0.857754;0.855504;0.863296;0.861844
NN (onehot),affinity_auc_mean,5,0.9762778885539447,0.00048693371129307587,0.9755901575669268,0.9768178229924634,0.9756411501756966,0.976802390993799,"42,123,456,789,2024",0.976100;0.976218;0.975590;0.976818;0.976664
NN (onehot),affinity_cv_mean,5,0.9342,0.0013851895177195166,0.9327499999999999,0.9355,0.9327499999999999,0.9355,"42,123,456,789,2024",0.934500;0.935500;0.932750;0.935500;0.932750
NN (onehot),affinity_mcc_mean,5,0.8611767304455125,0.002762858432764738,0.8583658125661575,0.8646283748112416,0.8583795771423938,0.8644716257326931,"42,123,456,789,2024",0.861325;0.864628;0.858366;0.863061;0.858503
NN (onehot),specificity_auc_mean,5,0.97712175,0.00020331788918461383,0.976851875,0.9773624999999999,0.97687175,0.9773544999999999,"42,123,456,789,2024",0.977061;0.977283;0.977362;0.976852;0.977051
NN (onehot),specificity_cv_mean,5,0.9282499999999999,0.0017320508075688147,0.9265000000000001,0.9305,0.9265000000000001,0.93035,"42,123,456,789,2024",0.926500;0.929000;0.926500;0.930500;0.928750
NN (onehot),specificity_mcc_mean,5,0.8568079868649585,0.0033976883320956624,0.85335281306652,0.8611853686757609,0.8533539906982595,0.8608882264966427,"42,123,456,789,2024",0.853353;0.858214;0.853365;0.861185;0.857923
Pareto/ISO,true_pareto_count,5,15.0,0.0,15.0,15.0,15.0,15.0,"42,123,456,789,2024",15.000000;15.000000;15.000000;15.000000;15.000000
Pareto/IgG,true_pareto_count,5,5.0,0.0,5.0,5.0,5.0,5.0,"42,123,456,789,2024",5.000000;5.000000;5.000000;5.000000;5.000000
TopHoldout/lda_aff_mcc,lda_aff_mcc_mean,5,0.6978682557290758,0.0,0.6978682557290758,0.6978682557290758,0.6978682557290758,0.6978682557290758,"42,123,456,789,2024",0.697868;0.697868;0.697868;0.697868;0.697868
TopHoldout/lda_affinity_acc,lda_affinity_acc_mean,5,0.8951290335956255,0.0,0.8951290335956255,0.8951290335956255,0.8951290335956255,0.8951290335956255,"42,123,456,789,2024",0.895129;0.895129;0.895129;0.895129;0.895129
TopHoldout/lda_esm2_aff_mcc,lda_esm2_aff_mcc_mean,5,0.5834648296073448,0.0,0.5834648296073448,0.5834648296073448,0.5834648296073448,0.5834648296073448,"42,123,456,789,2024",0.583465;0.583465;0.583465;0.583465;0.583465
TopHoldout/lda_esm2_affinity_acc,lda_esm2_affinity_acc_mean,5,0.826199352259399,0.0,0.826199352259399,0.826199352259399,0.826199352259399,0.826199352259399,"42,123,456,789,2024",0.826199;0.826199;0.826199;0.826199;0.826199
TopHoldout/lda_esm2_spec_mcc,lda_esm2_spec_mcc_mean,5,0.5117300684778774,0.0,0.5117300684778774,0.5117300684778774,0.5117300684778774,0.5117300684778774,"42,123,456,789,2024",0.511730;0.511730;0.511730;0.511730;0.511730
TopHoldout/lda_esm2_specificity_acc,lda_esm2_specificity_acc_mean,5,0.7879858837830989,0.0,0.7879858837830989,0.7879858837830989,0.7879858837830989,0.7879858837830989,"42,123,456,789,2024",0.787986;0.787986;0.787986;0.787986;0.787986
TopHoldout/lda_fusion_esm2_aff_mcc,lda_fusion_esm2_aff_mcc_mean,5,0.4552120621937396,6.206335383118183e-17,0.45521206219373966,0.45521206219373966,0.45521206219373966,0.45521206219373966,"42,123,456,789,2024",0.455212;0.455212;0.455212;0.455212;0.455212
TopHoldout/lda_fusion_esm2_affinity_acc,lda_fusion_esm2_affinity_acc_mean,5,0.7812453603978897,0.0,0.7812453603978897,0.7812453603978897,0.7812453603978897,0.7812453603978897,"42,123,456,789,2024",0.781245;0.781245;0.781245;0.781245;0.781245
TopHoldout/lda_fusion_esm2_spec_mcc,lda_fusion_esm2_spec_mcc_mean,5,0.47761668934271934,0.0,0.47761668934271934,0.47761668934271934,0.47761668934271934,0.47761668934271934,"42,123,456,789,2024",0.477617;0.477617;0.477617;0.477617;0.477617
TopHoldout/lda_fusion_esm2_specificity_acc,lda_fusion_esm2_specificity_acc_mean,5,0.6712067365505527,0.0,0.6712067365505527,0.6712067365505527,0.6712067365505527,0.6712067365505527,"42,123,456,789,2024",0.671207;0.671207;0.671207;0.671207;0.671207
TopHoldout/lda_onehot_aff_mcc,lda_onehot_aff_mcc_mean,5,0.6978682557290758,0.0,0.6978682557290758,0.6978682557290758,0.6978682557290758,0.6978682557290758,"42,123,456,789,2024",0.697868;0.697868;0.697868;0.697868;0.697868
TopHoldout/lda_onehot_affinity_acc,lda_onehot_affinity_acc_mean,5,0.8951290335956255,0.0,0.8951290335956255,0.8951290335956255,0.8951290335956255,0.8951290335956255,"42,123,456,789,2024",0.895129;0.895129;0.895129;0.895129;0.895129
TopHoldout/lda_onehot_spec_mcc,lda_onehot_spec_mcc_mean,5,0.69861316617213,0.0,0.69861316617213,0.69861316617213,0.69861316617213,0.69861316617213,"42,123,456,789,2024",0.698613;0.698613;0.698613;0.698613;0.698613
TopHoldout/lda_onehot_specificity_acc,lda_onehot_specificity_acc_mean,5,0.8603251705956938,0.0,0.8603251705956938,0.8603251705956938,0.8603251705956938,0.8603251705956938,"42,123,456,789,2024",0.860325;0.860325;0.860325;0.860325;0.860325
TopHoldout/lda_spec_mcc,lda_spec_mcc_mean,5,0.69861316617213,0.0,0.69861316617213,0.69861316617213,0.69861316617213,0.69861316617213,"42,123,456,789,2024",0.698613;0.698613;0.698613;0.698613;0.698613
TopHoldout/lda_specificity_acc,lda_specificity_acc_mean,5,0.8603251705956938,0.0,0.8603251705956938,0.8603251705956938,0.8603251705956938,0.8603251705956938,"42,123,456,789,2024",0.860325;0.860325;0.860325;0.860325;0.860325
TopHoldout/molm_esm2_aff_mcc,molm_esm2_aff_mcc_mean,5,0.6035121295618047,0.024374288256298327,0.5804944108243101,0.6429207115841382,0.5810880293600175,0.639102554451531,"42,123,456,789,2024",0.586431;0.580494;0.642921;0.602976;0.604739
TopHoldout/molm_esm2_affinity_acc,molm_esm2_affinity_acc_mean,5,0.8491065612522073,0.01491546548644451,0.833229910136118,0.8688506175358994,0.8334608989895167,0.8676518068539674,"42,123,456,789,2024",0.833230;0.835540;0.868851;0.851050;0.856863
TopHoldout/molm_esm2_spec_mcc,molm_esm2_spec_mcc_mean,5,0.6631934385973838,0.012321263994352199,0.6468702460740341,0.6810117943579912,0.6482368696697993,0.679567149410794,"42,123,456,789,2024",0.660983;0.681012;0.666565;0.646870;0.660536
TopHoldout/molm_esm2_specificity_acc,molm_esm2_specificity_acc_mean,5,0.8558577420353208,0.008208318754085382,0.8479711792014015,0.8678004953485037,0.8480956588167932,0.8670289531700534,"42,123,456,789,2024",0.854216;0.867800;0.860085;0.847971;0.849216
TopHoldout/molm_fusion_esm2_aff_mcc,molm_fusion_esm2_aff_mcc_mean,5,0.7154599942487656,0.012599008800368926,0.6975236073857057,0.7311288339331867,0.6987817918097033,0.7301665978183475,"42,123,456,789,2024",0.731129;0.697524;0.721506;0.710105;0.717036
TopHoldout/molm_fusion_esm2_affinity_acc,molm_fusion_esm2_affinity_acc_mean,5,0.9086504770721655,0.007219522757283214,0.9009118755996561,0.9182553950372319,0.9013032760643286,0.9178389151261003,"42,123,456,789,2024",0.918255;0.900912;0.914091;0.905169;0.904826
TopHoldout/molm_fusion_esm2_spec_mcc,molm_fusion_esm2_spec_mcc_mean,5,0.7258950952321873,0.007801530932494867,0.7178870831944499,0.7386307127443501,0.7182762526933358,0.7373280469374872,"42,123,456,789,2024",0.725575;0.721779;0.717887;0.725604;0.738631
TopHoldout/molm_fusion_esm2_specificity_acc,molm_fusion_esm2_specificity_acc_mean,5,0.8827916699765787,0.005262926070732424,0.8758905965029791,0.8902601238061734,0.8763648485888166,0.8896784431585968,"42,123,456,789,2024",0.880633;0.884443;0.875891;0.882731;0.890260
TopHoldout/molm_onehot_aff_mcc,molm_onehot_aff_mcc_mean,5,0.7166221691252668,0.018374450311760677,0.6916143977098155,0.7360177595930335,0.6930983793896651,0.7356450585183717,"42,123,456,789,2024",0.716734;0.691614;0.732291;0.706454;0.736018
TopHoldout/molm_onehot_affinity_acc,molm_onehot_affinity_acc_mean,5,0.9100551854761972,0.009219979700861664,0.8958266209267904,0.9191424165798181,0.896882766979256,0.9187915961330171,"42,123,456,789,2024",0.913285;0.895827;0.919142;0.906388;0.915634
TopHoldout/molm_onehot_spec_mcc,molm_onehot_spec_mcc_mean,5,0.7268757118263977,0.004445225949780488,0.7204467031930315,0.732673846803038,0.7210066330324353,0.7322751028172629,"42,123,456,789,2024",0.728686;0.726526;0.720447;0.726046;0.732674
TopHoldout/molm_onehot_specificity_acc,molm_onehot_specificity_acc_mean,5,0.8828359685145866,0.004613937341454138,0.8789566849432235,0.8903595247696633,0.8789991829838223,0.8896857239715793,"42,123,456,789,2024",0.881860;0.883622;0.879382;0.878957;0.890360
TopHoldout/molm_st_esm2_aff_mcc,molm_st_esm2_aff_mcc_mean,5,0.6001216711722034,0.02673093847882411,0.573242545617958,0.634636495644246,0.573940361872356,0.6333363679278315,"42,123,456,789,2024",0.590873;0.580221;0.634636;0.573243;0.621635
TopHoldout/molm_st_esm2_affinity_acc,molm_st_esm2_affinity_acc_mean,5,0.8558917297901051,0.008482667869945703,0.8463495321999576,0.8684011123612616,0.8468933921903558,0.8675446276666942,"42,123,456,789,2024",0.846350;0.859836;0.868401;0.851788;0.853084
TopHoldout/molm_st_esm2_spec_mcc,molm_st_esm2_spec_mcc_mean,5,0.6535260963322633,0.009148422473684711,0.6423943736071458,0.6671533225294644,0.6431247318348607,0.6660764961015743,"42,123,456,789,2024",0.667153;0.656385;0.649698;0.642394;0.652000
TopHoldout/molm_st_esm2_specificity_acc,molm_st_esm2_specificity_acc_mean,5,0.8441702595252382,0.0072985834390469325,0.8355318325834398,0.8557286698474849,0.8361975592992664,0.8545755022854568,"42,123,456,789,2024",0.855729;0.844197;0.842189;0.835532;0.843205
TopHoldout/molm_st_fusion_esm2_aff_mcc,molm_st_fusion_esm2_aff_mcc_mean,5,0.7211182726890013,0.021138876687846902,0.6835221968037349,0.7341528261258485,0.6879770231481106,0.7337875729467241,"42,123,456,789,2024",0.729346;0.683522;0.734153;0.730500;0.728070
TopHoldout/molm_st_fusion_esm2_affinity_acc,molm_st_fusion_esm2_affinity_acc_mean,5,0.911018531395541,0.011624573132665515,0.8906995976760472,0.9191207633711918,0.8928592519507693,0.9189100976624298,"42,123,456,789,2024",0.919121;0.890700;0.917014;0.912296;0.915962
TopHoldout/molm_st_fusion_esm2_spec_mcc,molm_st_fusion_esm2_spec_mcc_mean,5,0.7236536740482746,0.012708470493924448,0.7043888088796418,0.7340204466863096,0.7056687527152303,0.7339468206973421,"42,123,456,789,2024",0.704389;0.734020;0.733284;0.729387;0.717188
TopHoldout/molm_st_fusion_esm2_specificity_acc,molm_st_fusion_esm2_specificity_acc_mean,5,0.8822774666384683,0.011470320260334933,0.8645447835706084,0.8924609575966581,0.8657988725058441,0.8920810156119026,"42,123,456,789,2024",0.864545;0.892461;0.888634;0.888662;0.877086
TopHoldout/molm_st_onehot_aff_mcc,molm_st_onehot_aff_mcc_mean,5,0.7174801683016432,0.027563191268385738,0.6725066393594124,0.747052145973211,0.6770768162306744,0.7452385803303733,"42,123,456,789,2024",0.747052;0.672507;0.728916;0.718208;0.720717
TopHoldout/molm_st_onehot_affinity_acc,molm_st_onehot_affinity_acc_mean,5,0.9087662612893126,0.013236372878757303,0.8866917199192952,0.9199622216159087,0.888921060327892,0.9197712670651828,"42,123,456,789,2024",0.919962;0.886692;0.918053;0.908985;0.910140
TopHoldout/molm_st_onehot_spec_mcc,molm_st_onehot_spec_mcc_mean,5,0.725546370262295,0.010374122858905958,0.708611889186394,0.7339009132425555,0.7101732946574361,0.7339007897344226,"42,123,456,789,2024",0.708612;0.727093;0.724226;0.733900;0.733901
TopHoldout/molm_st_onehot_specificity_acc,molm_st_onehot_specificity_acc_mean,5,0.8809778655700938,0.009670053249074786,0.8648624322514853,0.8900567006428315,0.8664205652679215,0.8896490948852416,"42,123,456,789,2024",0.864862;0.883546;0.880444;0.890057;0.885981
TopHoldout/nn_esm2_aff_mcc,nn_esm2_aff_mcc_mean,5,0.5707557082810785,0.00985965918197431,0.5617267940566188,0.5840973600321554,0.5617818778172344,0.583465312726377,"42,123,456,789,2024",0.584097;0.561727;0.567900;0.562278;0.577777
TopHoldout/nn_esm2_affinity_acc,nn_esm2_affinity_acc_mean,5,0.8401411250056903,0.008408229530864748,0.8275398080267932,0.8504538886865122,0.8285806701277824,0.8497649604091095,"42,123,456,789,2024",0.850454;0.837948;0.843565;0.827540;0.841199
TopHoldout/nn_esm2_spec_mcc,nn_esm2_spec_mcc_mean,5,0.6518629230744523,0.005743718806137973,0.6463755352497058,0.6601047730507987,0.646514403400416,0.6596325704939071,"42,123,456,789,2024",0.649687;0.647764;0.646376;0.660105;0.655383
TopHoldout/nn_esm2_specificity_acc,nn_esm2_specificity_acc_mean,5,0.8446615545781022,0.0058173184335196465,0.8391670568798799,0.8523987589437589,0.8391815641687402,0.85202398008003,"42,123,456,789,2024",0.843779;0.839167;0.839312;0.852399;0.848651
TopHoldout/nn_fusion_esm2_aff_mcc,nn_fusion_esm2_aff_mcc_mean,5,0.7132911104330649,0.01736042224059251,0.6933612890010488,0.7341110574442753,0.693789860750338,0.733093037149383,"42,123,456,789,2024",0.693361;0.723931;0.717405;0.734111;0.697647
TopHoldout/nn_fusion_esm2_affinity_acc,nn_fusion_esm2_affinity_acc_mean,5,0.9094759687504256,0.010305249554722824,0.8978473998045473,0.9214549919273752,0.8980821212673571,0.9210202419053559,"42,123,456,789,2024",0.897847;0.917107;0.910775;0.921455;0.900195
TopHoldout/nn_fusion_esm2_spec_mcc,nn_fusion_esm2_spec_mcc_mean,5,0.7262656417416606,0.009958207978296614,0.7108553407756939,0.737213153998006,0.7121113130958299,0.7366335663452762,"42,123,456,789,2024",0.728427;0.737213;0.723415;0.731417;0.710855
TopHoldout/nn_fusion_esm2_specificity_acc,nn_fusion_esm2_specificity_acc_mean,5,0.8832259739527422,0.0062230058873780055,0.8746953599293843,0.8899541710018452,0.8752551531279391,0.8898100993355417,"42,123,456,789,2024",0.880293;0.889954;0.882674;0.888513;0.874695
TopHoldout/nn_onehot_aff_mcc,nn_onehot_aff_mcc_mean,5,0.6991860591695448,0.015167107092432195,0.6773225743874648,0.7176577815967543,0.67904270875291,0.7166969356552712,"42,123,456,789,2024",0.694524;0.708049;0.677323;0.698377;0.717658
TopHoldout/nn_onehot_affinity_acc,nn_onehot_affinity_acc_mean,5,0.8999074846988906,0.011253877676943769,0.8869468769942781,0.9143625544447092,0.8874023865562866,0.9136817581637159,"42,123,456,789,2024",0.891502;0.907555;0.886947;0.899171;0.914363
TopHoldout/nn_onehot_spec_mcc,nn_onehot_spec_mcc_mean,5,0.7258720269655685,0.005820381879254257,0.7210403768854438,0.7341461334738326,0.7210551136325597,0.733704759576391,"42,123,456,789,2024",0.729732;0.723253;0.721188;0.734146;0.721040
TopHoldout/nn_onehot_specificity_acc,nn_onehot_specificity_acc_mean,5,0.8798854458130159,0.0055846157244378416,0.8748595592338302,0.8868809600019784,0.8749204188931755,0.8866782713415958,"42,123,456,789,2024",0.884854;0.875468;0.877364;0.886881;0.874860
WTHoldout/lda_aff_mcc,lda_aff_mcc_mean,5,0.6909167885963037,0.0,0.6909167885963037,0.6909167885963037,0.6909167885963037,0.6909167885963037,"42,123,456,789,2024",0.690917;0.690917;0.690917;0.690917;0.690917
WTHoldout/lda_affinity_acc,lda_affinity_acc_mean,5,0.8441605550526408,0.0,0.8441605550526408,0.8441605550526408,0.8441605550526408,0.8441605550526408,"42,123,456,789,2024",0.844161;0.844161;0.844161;0.844161;0.844161
WTHoldout/lda_esm2_aff_mcc,lda_esm2_aff_mcc_mean,5,0.31202748742655795,0.0,0.31202748742655795,0.31202748742655795,0.31202748742655795,0.31202748742655795,"42,123,456,789,2024",0.312027;0.312027;0.312027;0.312027;0.312027
WTHoldout/lda_esm2_affinity_acc,lda_esm2_affinity_acc_mean,5,0.6488325523732159,0.0,0.6488325523732159,0.6488325523732159,0.6488325523732159,0.6488325523732159,"42,123,456,789,2024",0.648833;0.648833;0.648833;0.648833;0.648833
WTHoldout/lda_esm2_spec_mcc,lda_esm2_spec_mcc_mean,5,0.0972901284394318,0.0,0.0972901284394318,0.0972901284394318,0.0972901284394318,0.0972901284394318,"42,123,456,789,2024",0.097290;0.097290;0.097290;0.097290;0.097290
WTHoldout/lda_esm2_specificity_acc,lda_esm2_specificity_acc_mean,5,0.5508159279141602,0.0,0.5508159279141602,0.5508159279141602,0.5508159279141602,0.5508159279141602,"42,123,456,789,2024",0.550816;0.550816;0.550816;0.550816;0.550816
WTHoldout/lda_fusion_esm2_aff_mcc,lda_fusion_esm2_aff_mcc_mean,5,0.19338779888126614,0.0,0.19338779888126614,0.19338779888126614,0.19338779888126614,0.19338779888126614,"42,123,456,789,2024",0.193388;0.193388;0.193388;0.193388;0.193388
WTHoldout/lda_fusion_esm2_affinity_acc,lda_fusion_esm2_affinity_acc_mean,5,0.5818520403990382,0.0,0.5818520403990382,0.5818520403990382,0.5818520403990382,0.5818520403990382,"42,123,456,789,2024",0.581852;0.581852;0.581852;0.581852;0.581852
WTHoldout/lda_fusion_esm2_spec_mcc,lda_fusion_esm2_spec_mcc_mean,5,-0.06740306579601849,0.0,-0.06740306579601849,-0.06740306579601849,-0.06740306579601849,-0.06740306579601849,"42,123,456,789,2024",-0.067403;-0.067403;-0.067403;-0.067403;-0.067403
WTHoldout/lda_fusion_esm2_specificity_acc,lda_fusion_esm2_specificity_acc_mean,5,0.4715913042552625,6.206335383118183e-17,0.47159130425526247,0.47159130425526247,0.47159130425526247,0.47159130425526247,"42,123,456,789,2024",0.471591;0.471591;0.471591;0.471591;0.471591
WTHoldout/lda_onehot_aff_mcc,lda_onehot_aff_mcc_mean,5,0.6909167885963037,0.0,0.6909167885963037,0.6909167885963037,0.6909167885963037,0.6909167885963037,"42,123,456,789,2024",0.690917;0.690917;0.690917;0.690917;0.690917
WTHoldout/lda_onehot_affinity_acc,lda_onehot_affinity_acc_mean,5,0.8441605550526408,0.0,0.8441605550526408,0.8441605550526408,0.8441605550526408,0.8441605550526408,"42,123,456,789,2024",0.844161;0.844161;0.844161;0.844161;0.844161
WTHoldout/lda_onehot_spec_mcc,lda_onehot_spec_mcc_mean,5,0.682646276868041,0.0,0.682646276868041,0.682646276868041,0.682646276868041,0.682646276868041,"42,123,456,789,2024",0.682646;0.682646;0.682646;0.682646;0.682646
WTHoldout/lda_onehot_specificity_acc,lda_onehot_specificity_acc_mean,5,0.8277491109721697,0.0,0.8277491109721697,0.8277491109721697,0.8277491109721697,0.8277491109721697,"42,123,456,789,2024",0.827749;0.827749;0.827749;0.827749;0.827749
WTHoldout/lda_spec_mcc,lda_spec_mcc_mean,5,0.682646276868041,0.0,0.682646276868041,0.682646276868041,0.682646276868041,0.682646276868041,"42,123,456,789,2024",0.682646;0.682646;0.682646;0.682646;0.682646
WTHoldout/lda_specificity_acc,lda_specificity_acc_mean,5,0.8277491109721697,0.0,0.8277491109721697,0.8277491109721697,0.8277491109721697,0.8277491109721697,"42,123,456,789,2024",0.827749;0.827749;0.827749;0.827749;0.827749
WTHoldout/molm_esm2_aff_mcc,molm_esm2_aff_mcc_mean,5,0.5421121177858061,0.01006375444224653,0.5322304184344304,0.5575398113537553,0.5326811474904383,0.5564387732427999,"42,123,456,789,2024",0.537523;0.536738;0.546529;0.557540;0.532230
WTHoldout/molm_esm2_affinity_acc,molm_esm2_affinity_acc_mean,5,0.7574548306929618,0.010339415896908653,0.7478411416912971,0.7731510114570193,0.7482006500893268,0.7720910115355962,"42,123,456,789,2024",0.752295;0.747841;0.762551;0.773151;0.751436
WTHoldout/molm_esm2_spec_mcc,molm_esm2_spec_mcc_mean,5,0.6812652738194661,0.006383119588613275,0.6750688322996621,0.6885383225319689,0.6751749036830568,0.6884444955152242,"42,123,456,789,2024",0.675069;0.687600;0.678990;0.676130;0.688538
WTHoldout/molm_esm2_specificity_acc,molm_esm2_specificity_acc_mean,5,0.8388358912086813,0.005130836569785276,0.8344512386948681,0.845159718366122,0.8345200299883317,0.8450081233477399,"42,123,456,789,2024",0.834451;0.843644;0.835786;0.835139;0.845160
WTHoldout/molm_fusion_esm2_aff_mcc,molm_fusion_esm2_aff_mcc_mean,5,0.7036086410408643,0.01190481657823103,0.6864613493821213,0.7184670352929432,0.6876869586020136,0.7174496633166219,"42,123,456,789,2024",0.708293;0.686461;0.706104;0.718467;0.698717
WTHoldout/molm_fusion_esm2_affinity_acc,molm_fusion_esm2_affinity_acc_mean,5,0.8563900149598747,0.00988115490919666,0.8466660630890739,0.8720709210193491,0.846935313713401,0.87057709044096,"42,123,456,789,2024",0.857133;0.846666;0.856722;0.872071;0.849359
WTHoldout/molm_fusion_esm2_spec_mcc,molm_fusion_esm2_spec_mcc_mean,5,0.7131785396707514,0.013500130250569276,0.6943586444972545,0.7274992562450517,0.6954355714914552,0.7270564850531549,"42,123,456,789,2024",0.694359;0.705128;0.723072;0.727499;0.715835
WTHoldout/molm_fusion_esm2_specificity_acc,molm_fusion_esm2_specificity_acc_mean,5,0.8510416439736179,0.01067445574406169,0.8361173163126521,0.8622870827397355,0.8370517741003246,0.8620291152557523,"42,123,456,789,2024",0.836117;0.845462;0.859707;0.862287;0.851635
WTHoldout/molm_onehot_aff_mcc,molm_onehot_aff_mcc_mean,5,0.7014444245102724,0.0030621987278462346,0.6980850697428338,0.706305585051529,0.6983009965849637,0.7058787595474896,"42,123,456,789,2024",0.700244;0.706306;0.700550;0.702037;0.698085
WTHoldout/molm_onehot_affinity_acc,molm_onehot_affinity_acc_mean,5,0.8529824259758423,0.004747037384348184,0.8483512995334936,0.8596068672548007,0.8484606803117366,0.8592572321477563,"42,123,456,789,2024",0.851398;0.859607;0.849445;0.856111;0.848351
WTHoldout/molm_onehot_spec_mcc,molm_onehot_spec_mcc_mean,5,0.6997728419502884,0.014680354303955426,0.6758496436611083,0.7146921036342566,0.6781840067982811,0.7140025380120535,"42,123,456,789,2024",0.701333;0.707796;0.675850;0.714692;0.699193
WTHoldout/molm_onehot_specificity_acc,molm_onehot_specificity_acc_mean,5,0.8435060531561577,0.012070661138117283,0.8246823057047057,0.8557234599731965,0.8264394760791846,0.8553781683841825,"42,123,456,789,2024",0.842254;0.852271;0.824682;0.855723;0.842600
WTHoldout/molm_st_esm2_aff_mcc,molm_st_esm2_aff_mcc_mean,5,0.5353606972107936,0.02097007328110711,0.5076425203964307,0.5572441933509625,0.5091735227076789,0.5569463217555589,"42,123,456,789,2024",0.534699;0.554265;0.522953;0.557244;0.507643
WTHoldout/molm_st_esm2_affinity_acc,molm_st_esm2_affinity_acc_mean,5,0.7570750976856109,0.02129500452551822,0.7294196344201099,0.7842767542050636,0.7309863986115779,0.7828421802802101,"42,123,456,789,2024",0.756661;0.784277;0.745087;0.769931;0.729420
WTHoldout/molm_st_esm2_spec_mcc,molm_st_esm2_spec_mcc_mean,5,0.6869873649126153,0.005609924227665205,0.6788120518939984,0.6927214333423614,0.6793094363782409,0.6924311953209199,"42,123,456,789,2024",0.689798;0.678812;0.683786;0.689819;0.692721
WTHoldout/molm_st_esm2_specificity_acc,molm_st_esm2_specificity_acc_mean,5,0.8412605122182134,0.0047821936346954955,0.8330868992577876,0.844965425086199,0.8338867809383634,0.8448527594654012,"42,123,456,789,2024",0.843326;0.833087;0.841086;0.843839;0.844965
WTHoldout/molm_st_fusion_esm2_aff_mcc,molm_st_fusion_esm2_aff_mcc_mean,5,0.7174523554438073,0.01349846544985645,0.6958984819932261,0.7314457575240673,0.697908151700789,0.7308555396165177,"42,123,456,789,2024",0.695898;0.715995;0.725544;0.718379;0.731446
WTHoldout/molm_st_fusion_esm2_affinity_acc,molm_st_fusion_esm2_affinity_acc_mean,5,0.8638544661657445,0.011416868795054847,0.8436732424309241,0.870708082447227,0.8459893819864617,0.8706935459910028,"42,123,456,789,2024",0.843673;0.867494;0.870708;0.866835;0.870563
WTHoldout/molm_st_fusion_esm2_spec_mcc,molm_st_fusion_esm2_spec_mcc_mean,5,0.7148174416292917,0.0058818891723178965,0.7084810813864176,0.7227875932660976,0.7085856879246853,0.722187803656512,"42,123,456,789,2024",0.716790;0.709527;0.708481;0.716502;0.722788
WTHoldout/molm_st_fusion_esm2_specificity_acc,molm_st_fusion_esm2_specificity_acc_mean,5,0.8509774761040882,0.004159761624262783,0.8459435901323262,0.8549083470763128,0.8460935429684109,0.8549080387774063,"42,123,456,789,2024",0.854905;0.847443;0.845944;0.851687;0.854908
WTHoldout/molm_st_onehot_aff_mcc,molm_st_onehot_aff_mcc_mean,5,0.709324333003407,0.013919481893808915,0.6937715641245417,0.7281089535545373,0.694135742349357,0.726724532412835,"42,123,456,789,2024",0.693772;0.713063;0.714265;0.728109;0.697413
WTHoldout/molm_st_onehot_affinity_acc,molm_st_onehot_affinity_acc_mean,5,0.8582576369414842,0.0105809971566414,0.8457342032814905,0.8734670372828497,0.8462819578912383,0.8722150230162476,"42,123,456,789,2024",0.845734;0.859928;0.860947;0.873467;0.851212
WTHoldout/molm_st_onehot_spec_mcc,molm_st_onehot_spec_mcc_mean,5,0.6983141523126042,0.014844773426002131,0.6851878346636557,0.7222025877759122,0.6853730282290532,0.7200767256305385,"42,123,456,789,2024",0.722203;0.685188;0.687040;0.700944;0.696197
WTHoldout/molm_st_onehot_specificity_acc,molm_st_onehot_specificity_acc_mean,5,0.8391639065752686,0.01038360708827393,0.8294151453713183,0.8555160612133106,0.8295871526758218,0.8540819240493133,"42,123,456,789,2024",0.855516;0.829415;0.831135;0.841175;0.838578
WTHoldout/nn_esm2_aff_mcc,nn_esm2_aff_mcc_mean,5,0.5094274466673465,0.04761195239081368,0.42694126023550405,0.5414691714274742,0.43526369023439576,0.5408225531593782,"42,123,456,789,2024",0.510166;0.533558;0.535003;0.426941;0.541469
WTHoldout/nn_esm2_affinity_acc,nn_esm2_affinity_acc_mean,5,0.7560829458260718,0.014034516788014238,0.7359943632647821,0.7701006201652295,0.7371398973642247,0.7695950793536539,"42,123,456,789,2024",0.761825;0.765045;0.770101;0.735994;0.747450
WTHoldout/nn_esm2_spec_mcc,nn_esm2_spec_mcc_mean,5,0.6768379640381375,0.014450354218377887,0.6568382272283917,0.6902151506888475,0.6578925657669189,0.6901151064694359,"42,123,456,789,2024",0.667382;0.680540;0.656838;0.689215;0.690215
WTHoldout/nn_esm2_specificity_acc,nn_esm2_specificity_acc_mean,5,0.8244676119792521,0.018310105260330126,0.7945981915028999,0.8418297776298239,0.797435546239622,0.841279162157472,"42,123,456,789,2024",0.826615;0.836324;0.822972;0.841830;0.794598
WTHoldout/nn_fusion_esm2_aff_mcc,nn_fusion_esm2_aff_mcc_mean,5,0.7221543600280389,0.016159715988164375,0.7056548018707458,0.7409918851020745,0.7061776754602571,0.7406739905472285,"42,123,456,789,2024",0.715429;0.710884;0.740992;0.705655;0.737813
WTHoldout/nn_fusion_esm2_affinity_acc,nn_fusion_esm2_affinity_acc_mean,5,0.8569076253114487,0.03655333629359819,0.7946201202741432,0.8869203758022759,0.8009625032420036,0.8861005018670315,"42,123,456,789,2024",0.866232;0.794620;0.886920;0.858044;0.878722
WTHoldout/nn_fusion_esm2_spec_mcc,nn_fusion_esm2_spec_mcc_mean,5,0.717602293934035,0.010120281174348041,0.7054347452185206,0.7305043446459234,0.7059430410043714,0.729883886604592,"42,123,456,789,2024",0.705435;0.710518;0.730504;0.717255;0.724300
WTHoldout/nn_fusion_esm2_specificity_acc,nn_fusion_esm2_specificity_acc_mean,5,0.8408170664074373,0.021978426400153593,0.8021820250228531,0.856198992423421,0.8065267100670286,0.8558035509062996,"42,123,456,789,2024",0.845629;0.847831;0.802182;0.852245;0.856199
WTHoldout/nn_onehot_aff_mcc,nn_onehot_aff_mcc_mean,5,0.727396572820787,0.008824888917684362,0.7132489650521103,0.7372055649384242,0.7145697735785528,0.7365292820908519,"42,123,456,789,2024",0.729629;0.730443;0.737206;0.713249;0.726457
WTHoldout/nn_onehot_affinity_acc,nn_onehot_affinity_acc_mean,5,0.8718719960406848,0.005962953628065291,0.8627060563628632,0.8791434347372209,0.863550132571163,0.8786303937629742,"42,123,456,789,2024",0.871147;0.874013;0.879143;0.862706;0.872351
WTHoldout/nn_onehot_spec_mcc,nn_onehot_spec_mcc_mean,5,0.7044791990687478,0.005437827336046405,0.6994534744832759,0.7110665912063944,0.6995518904851498,0.7109205564587133,"42,123,456,789,2024",0.699453;0.711067;0.700438;0.701832;0.709606
WTHoldout/nn_onehot_specificity_acc,nn_onehot_specificity_acc_mean,5,0.8438467040083127,0.0041378209098538385,0.8402993426228923,0.8492647477764842,0.8403307106620208,0.8490664267742306,"42,123,456,789,2024",0.840613;0.849265;0.840299;0.841775;0.847282
