metric,model_a,model_b,n_seeds,mean_a,mean_b,diff_mean,diff_std,p_bootstrap,significant_05,seeds_used
igg_aff_pval,MOLM (ESM2),LDA (OneHot),5,3.327925569627704e-05,8.123455150839684e-08,3.3198021144768644e-05,7.324059274060349e-05,0.0737,False,"42,123,456,789,2024"
igg_aff_rho,MOLM (ESM2),LDA (OneHot),5,0.6780798596620737,0.7190822249412309,-0.04100236527915713,0.07950220926817099,0.1995,False,"42,123,456,789,2024"
igg_spec_pval,MOLM (ESM2),LDA (OneHot),5,0.00021926107468436587,2.607380525415581e-09,0.00021925846730384046,0.0002542904926549539,0.0091,True,"42,123,456,789,2024"
igg_spec_rho,MOLM (ESM2),LDA (OneHot),5,0.5712804250613249,0.7694804181094547,-0.19819999304812974,0.061316838034235224,0.0,True,"42,123,456,789,2024"
iso_aff_pval,MOLM (ESM2),LDA (OneHot),5,2.1021123389023166e-40,1.2340454059953319e-39,-1.0238341721051002e-39,4.665102831899252e-40,0.0,True,"42,123,456,789,2024"
iso_aff_rho,MOLM (ESM2),LDA (OneHot),5,0.8838425196850395,0.868652418447694,0.015190101237345432,0.009863936646602576,0.0,True,"42,123,456,789,2024"
iso_spec_pval,MOLM (ESM2),LDA (OneHot),5,6.886038277575192e-15,1.0350057566653719e-17,6.8756882200085385e-15,7.158939867320343e-15,0.0095,True,"42,123,456,789,2024"
iso_spec_rho,MOLM (ESM2),LDA (OneHot),5,0.6258411698537685,0.6694773153355831,-0.0436361454818146,0.007817333187897409,0.0,True,"42,123,456,789,2024"
igg_aff_pval,MOLM (ESM2),LDA (ESM2),5,3.327925569627704e-05,9.462358386381671e-07,3.233301985763887e-05,7.324059274060349e-05,0.5634,False,"42,123,456,789,2024"
igg_aff_rho,MOLM (ESM2),LDA (ESM2),5,0.6780798596620737,0.6749657559699859,0.003114103692087866,0.07950220926817099,0.9083,False,"42,123,456,789,2024"
igg_spec_pval,MOLM (ESM2),LDA (ESM2),5,0.00021926107468436587,1.1429867434290264e-05,0.00020783120725007562,0.0002542904926549539,0.0137,True,"42,123,456,789,2024"
igg_spec_rho,MOLM (ESM2),LDA (ESM2),5,0.5712804250613249,0.6210169148893903,-0.04973648982806533,0.061316838034235224,0.0262,True,"42,123,456,789,2024"
iso_aff_pval,MOLM (ESM2),LDA (ESM2),5,2.1021123389023166e-40,8.503728570411698e-35,-8.503707549288309e-35,4.665102831891849e-40,0.0,True,"42,123,456,789,2024"
iso_aff_rho,MOLM (ESM2),LDA (ESM2),5,0.8838425196850395,0.8404739407574053,0.04336857892763413,0.009863936646602576,0.0,True,"42,123,456,789,2024"
iso_spec_pval,MOLM (ESM2),LDA (ESM2),5,6.886038277575192e-15,2.8254917670485857e-21,6.886035452083425e-15,7.158939867320343e-15,0.0095,True,"42,123,456,789,2024"
iso_spec_rho,MOLM (ESM2),LDA (ESM2),5,0.6258411698537685,0.7183832020997376,-0.09254203224596913,0.007817333187897409,0.0,True,"42,123,456,789,2024"
igg_aff_pval,MOLM (ESM2),LDA (Fusion-ESM2),5,3.327925569627704e-05,2.1341893499636374e-05,1.1937362196640669e-05,7.32405927406035e-05,0.5982,False,"42,123,456,789,2024"
igg_aff_rho,MOLM (ESM2),LDA (Fusion-ESM2),5,0.6780798596620737,0.6057093874011564,0.0723704722609173,0.07950220926817099,0.0158,True,"42,123,456,789,2024"
igg_spec_pval,MOLM (ESM2),LDA (Fusion-ESM2),5,0.00021926107468436587,0.00011058377582743586,0.00010867729885693001,0.0002542904926549539,0.215,False,"42,123,456,789,2024"
igg_spec_rho,MOLM (ESM2),LDA (Fusion-ESM2),5,0.5712804250613249,0.5611774471797193,0.010102977881605635,0.061316838034235224,0.7577,False,"42,123,456,789,2024"
iso_aff_pval,MOLM (ESM2),LDA (Fusion-ESM2),5,2.1021123389023166e-40,1.7679168503920124e-34,-1.7679147482796734e-34,4.665102831939661e-40,0.0,True,"42,123,456,789,2024"
iso_aff_rho,MOLM (ESM2),LDA (Fusion-ESM2),5,0.8838425196850395,0.8384041994750657,0.04543832020997374,0.009863936646602576,0.0,True,"42,123,456,789,2024"
iso_spec_pval,MOLM (ESM2),LDA (Fusion-ESM2),5,6.886038277575192e-15,2.798541435896733e-19,6.885758423431602e-15,7.158939867320343e-15,0.0095,True,"42,123,456,789,2024"
iso_spec_rho,MOLM (ESM2),LDA (Fusion-ESM2),5,0.6258411698537685,0.6922024746906638,-0.06636130483689529,0.007817333187897409,0.0,True,"42,123,456,789,2024"
igg_aff_pval,MOLM (Fusion-ESM2),LDA (OneHot),5,0.0035687422424438,8.123455150839684e-08,0.0035686610078922917,0.00796344474556522,0.065,False,"42,123,456,789,2024"
igg_aff_rho,MOLM (Fusion-ESM2),LDA (OneHot),5,0.6229829313182064,0.7190822249412309,-0.0960992936230245,0.15797021293922037,0.1112,False,"42,123,456,789,2024"
igg_spec_pval,MOLM (Fusion-ESM2),LDA (OneHot),5,3.4958992037572986e-05,2.607380525415581e-09,3.495638465704757e-05,6.229127800402946e-05,0.0616,False,"42,123,456,789,2024"
igg_spec_rho,MOLM (Fusion-ESM2),LDA (OneHot),5,0.6254764958162627,0.7694804181094547,-0.14400392229319192,0.04946834947274934,0.0,True,"42,123,456,789,2024"
iso_aff_pval,MOLM (Fusion-ESM2),LDA (OneHot),5,2.5391312380090916e-38,1.2340454059953319e-39,2.4157266974095585e-38,5.62838812493621e-38,0.5882,False,"42,123,456,789,2024"
iso_aff_rho,MOLM (Fusion-ESM2),LDA (OneHot),5,0.8762642669666292,0.868652418447694,0.007611848518935149,0.012692836312632063,0.1287,False,"42,123,456,789,2024"
iso_spec_pval,MOLM (Fusion-ESM2),LDA (OneHot),5,3.1126385417177035e-16,1.0350057566653719e-17,3.0091379660511663e-16,3.774314400540034e-16,0.0209,True,"42,123,456,789,2024"
iso_spec_rho,MOLM (Fusion-ESM2),LDA (OneHot),5,0.6608179977502814,0.6694773153355831,-0.008659317585301696,0.02334940413828433,0.3562,False,"42,123,456,789,2024"
igg_aff_pval,MOLM (Fusion-ESM2),LDA (ESM2),5,0.0035687422424438,9.462358386381671e-07,0.003567796006605162,0.00796344474556522,0.1487,False,"42,123,456,789,2024"
igg_aff_rho,MOLM (Fusion-ESM2),LDA (ESM2),5,0.6229829313182064,0.6749657559699859,-0.0519828246517795,0.15797021293922037,0.4478,False,"42,123,456,789,2024"
igg_spec_pval,MOLM (Fusion-ESM2),LDA (ESM2),5,3.4958992037572986e-05,1.1429867434290264e-05,2.352912460328272e-05,6.229127800402946e-05,0.5803,False,"42,123,456,789,2024"
igg_spec_rho,MOLM (Fusion-ESM2),LDA (ESM2),5,0.6254764958162627,0.6210169148893903,0.004459580926872486,0.04946834947274934,0.8016,False,"42,123,456,789,2024"
iso_aff_pval,MOLM (Fusion-ESM2),LDA (ESM2),5,2.5391312380090916e-38,8.503728570411698e-35,-8.501189439173689e-35,5.628388124936342e-38,0.0,True,"42,123,456,789,2024"
iso_aff_rho,MOLM (Fusion-ESM2),LDA (ESM2),5,0.8762642669666292,0.8404739407574053,0.035790326209223844,0.012692836312632063,0.0,True,"42,123,456,789,2024"
iso_spec_pval,MOLM (Fusion-ESM2),LDA (ESM2),5,3.1126385417177035e-16,2.8254917670485857e-21,3.112610286800033e-16,3.774314400540034e-16,0.0108,True,"42,123,456,789,2024"
iso_spec_rho,MOLM (Fusion-ESM2),LDA (ESM2),5,0.6608179977502814,0.7183832020997376,-0.05756520434945622,0.02334940413828433,0.0,True,"42,123,456,789,2024"
igg_aff_pval,MOLM (Fusion-ESM2),LDA (Fusion-ESM2),5,0.0035687422424438,2.1341893499636374e-05,0.0035474003489441635,0.00796344474556522,0.5837,False,"42,123,456,789,2024"
igg_aff_rho,MOLM (Fusion-ESM2),LDA (Fusion-ESM2),5,0.6229829313182064,0.6057093874011564,0.01727354391704994,0.15797021293922037,0.7924,False,"42,123,456,789,2024"
igg_spec_pval,MOLM (Fusion-ESM2),LDA (Fusion-ESM2),5,3.4958992037572986e-05,0.00011058377582743586,-7.562478378986287e-05,6.229127800402946e-05,0.0061,True,"42,123,456,789,2024"
igg_spec_rho,MOLM (Fusion-ESM2),LDA (Fusion-ESM2),5,0.6254764958162627,0.5611774471797193,0.06429904863654345,0.04946834947274934,0.0003,True,"42,123,456,789,2024"
iso_aff_pval,MOLM (Fusion-ESM2),LDA (Fusion-ESM2),5,2.5391312380090916e-38,1.7679168503920124e-34,-1.7676629372682116e-34,5.628388124935864e-38,0.0,True,"42,123,456,789,2024"
iso_aff_rho,MOLM (Fusion-ESM2),LDA (Fusion-ESM2),5,0.8762642669666292,0.8384041994750657,0.037860067491563454,0.012692836312632063,0.0,True,"42,123,456,789,2024"
iso_spec_pval,MOLM (Fusion-ESM2),LDA (Fusion-ESM2),5,3.1126385417177035e-16,2.798541435896733e-19,3.1098400002818067e-16,3.774314400540034e-16,0.0108,True,"42,123,456,789,2024"
iso_spec_rho,MOLM (Fusion-ESM2),LDA (Fusion-ESM2),5,0.6608179977502814,0.6922024746906638,-0.03138447694038238,0.02334940413828433,0.0,True,"42,123,456,789,2024"
igg_aff_pval,MOLM (OneHot),LDA (OneHot),5,0.03633678565260412,8.123455150839684e-08,0.03633670441805261,0.06938574054790285,0.064,False,"42,123,456,789,2024"
igg_aff_rho,MOLM (OneHot),LDA (OneHot),5,0.4227395762009302,0.7190822249412309,-0.29634264874030064,0.13490601576008263,0.0,True,"42,123,456,789,2024"
igg_spec_pval,MOLM (OneHot),LDA (OneHot),5,3.365997427534403e-05,2.607380525415581e-09,3.365736689481862e-05,4.5071177617065176e-05,0.037,True,"42,123,456,789,2024"
igg_spec_rho,MOLM (OneHot),LDA (OneHot),5,0.6473527673448118,0.7694804181094547,-0.12212765076464283,0.0768712007367546,0.0,True,"42,123,456,789,2024"
iso_aff_pval,MOLM (OneHot),LDA (OneHot),5,7.214411041021924e-37,1.2340454059953319e-39,7.202070586961971e-37,1.5949929272573573e-36,0.1779,False,"42,123,456,789,2024"
iso_aff_rho,MOLM (OneHot),LDA (OneHot),5,0.8682948631421074,0.868652418447694,-0.0003575553055866765,0.013637024301008535,0.8463,False,"42,123,456,789,2024"
iso_spec_pval,MOLM (OneHot),LDA (OneHot),5,1.2778417663462786e-16,1.0350057566653719e-17,1.1743411906797414e-16,2.1959583025790707e-16,0.1735,False,"42,123,456,789,2024"
iso_spec_rho,MOLM (OneHot),LDA (OneHot),5,0.6622626171728535,0.6694773153355831,-0.007214698162729571,0.013612419822036299,0.1902,False,"42,123,456,789,2024"
igg_aff_pval,MOLM (OneHot),LDA (ESM2),5,0.03633678565260412,9.462358386381671e-07,0.036335839416765485,0.06938574054790285,0.064,False,"42,123,456,789,2024"
igg_aff_rho,MOLM (OneHot),LDA (ESM2),5,0.4227395762009302,0.6749657559699859,-0.25222617976905565,0.13490601576008263,0.0,True,"42,123,456,789,2024"
igg_spec_pval,MOLM (OneHot),LDA (ESM2),5,3.365997427534403e-05,1.1429867434290264e-05,2.2230106841053768e-05,4.507117761706517e-05,0.1737,False,"42,123,456,789,2024"
igg_spec_rho,MOLM (OneHot),LDA (ESM2),5,0.6473527673448118,0.6210169148893903,0.026335852455421582,0.0768712007367546,0.4544,False,"42,123,456,789,2024"
iso_aff_pval,MOLM (OneHot),LDA (ESM2),5,7.214411041021924e-37,8.503728570411698e-35,-8.431584460001479e-35,1.5949929272573576e-36,0.0,True,"42,123,456,789,2024"
iso_aff_rho,MOLM (OneHot),LDA (ESM2),5,0.8682948631421074,0.8404739407574053,0.027820922384702018,0.013637024301008535,0.0,True,"42,123,456,789,2024"
iso_spec_pval,MOLM (OneHot),LDA (ESM2),5,1.2778417663462786e-16,2.8254917670485857e-21,1.2778135114286081e-16,2.1959583025790707e-16,0.0646,False,"42,123,456,789,2024"
iso_spec_rho,MOLM (OneHot),LDA (ESM2),5,0.6622626171728535,0.7183832020997376,-0.0561205849268841,0.013612419822036297,0.0,True,"42,123,456,789,2024"
igg_aff_pval,MOLM (OneHot),LDA (Fusion-ESM2),5,0.03633678565260412,2.1341893499636374e-05,0.03631544375910448,0.06938574054790284,0.064,False,"42,123,456,789,2024"
igg_aff_rho,MOLM (OneHot),LDA (Fusion-ESM2),5,0.4227395762009302,0.6057093874011564,-0.1829698112002262,0.13490601576008263,0.0003,True,"42,123,456,789,2024"
igg_spec_pval,MOLM (OneHot),LDA (Fusion-ESM2),5,3.365997427534403e-05,0.00011058377582743586,-7.692380155209183e-05,4.507117761706517e-05,0.0,True,"42,123,456,789,2024"
igg_spec_rho,MOLM (OneHot),LDA (Fusion-ESM2),5,0.6473527673448118,0.5611774471797193,0.08617532016509255,0.0768712007367546,0.0,True,"42,123,456,789,2024"
iso_aff_pval,MOLM (OneHot),LDA (Fusion-ESM2),5,7.214411041021924e-37,1.7679168503920124e-34,-1.7607024393509906e-34,1.59499292725736e-36,0.0,True,"42,123,456,789,2024"
iso_aff_rho,MOLM (OneHot),LDA (Fusion-ESM2),5,0.8682948631421074,0.8384041994750657,0.029890663667041628,0.013637024301008535,0.0,True,"42,123,456,789,2024"
iso_spec_pval,MOLM (OneHot),LDA (Fusion-ESM2),5,1.2778417663462786e-16,2.798541435896733e-19,1.2750432249103818e-16,2.195958302579071e-16,0.0646,False,"42,123,456,789,2024"
iso_spec_rho,MOLM (OneHot),LDA (Fusion-ESM2),5,0.6622626171728535,0.6922024746906638,-0.029939857517810253,0.013612419822036297,0.0,True,"42,123,456,789,2024"
