model,metric,n_seeds,mean,std
MOLM (ESM2),aff_aps_mean,5,0.9258634204941497,0.0010053618500088781
MOLM (ESM2),aff_aps_std,5,0.009577438906148561,0.002477599813476051
MOLM (ESM2),aff_aucs_mean,5,0.9522738902586994,0.001054134274420286
MOLM (ESM2),aff_aucs_std,5,0.0057472288162457984,0.0014056866292035495
MOLM (ESM2),aff_mccs_mean,5,0.7512101075312667,0.008513829874785675
MOLM (ESM2),aff_mccs_std,5,0.02550632437690183,0.008428092486872797
MOLM (ESM2),affinity_accs_mean,5,0.8763499999999999,0.007229712995686554
MOLM (ESM2),affinity_accs_std,5,0.013947388862778506,0.005661861874688652
MOLM (ESM2),affinity_mean,5,0.8763499999999999,0.007229712995686554
MOLM (ESM2),affinity_std,5,0.013947388862778506,0.005661861874688652
MOLM (ESM2),spec_aps_mean,5,0.9620666588654061,0.001471116757767631
MOLM (ESM2),spec_aps_std,5,0.004484605184100139,0.003415903223080603
MOLM (ESM2),spec_aucs_mean,5,0.96237175,0.0010946773211773844
MOLM (ESM2),spec_aucs_std,5,0.003532820753196219,0.00212717940468889
MOLM (ESM2),spec_mccs_mean,5,0.8095350751697428,0.0027452855957989463
MOLM (ESM2),spec_mccs_std,5,0.013510788448169383,0.0061760494473760055
MOLM (ESM2),specificity_accs_mean,5,0.90425,0.0014469796128488298
MOLM (ESM2),specificity_accs_std,5,0.006907895255426269,0.0030323223649661455
MOLM (ESM2),specificity_mean,5,0.90425,0.0014469796128488298
MOLM (ESM2),specificity_std,5,0.006907895255426269,0.0030323223649661455
MOLM (Fusion-ESM2),aff_aps_mean,5,0.9687670567687194,0.0012074535851870594
MOLM (Fusion-ESM2),aff_aps_std,5,0.004057705050230717,0.0009867014645551784
MOLM (Fusion-ESM2),aff_aucs_mean,5,0.9772154393371638,0.0005779958533222598
MOLM (Fusion-ESM2),aff_aucs_std,5,0.0028524005718449296,0.0010392626312543181
MOLM (Fusion-ESM2),aff_mccs_mean,5,0.853044215380921,0.00843814874043387
MOLM (Fusion-ESM2),aff_mccs_std,5,0.01801968176579204,0.005491560016436539
MOLM (Fusion-ESM2),affinity_accs_mean,5,0.9295500000000001,0.004378213105822973
MOLM (Fusion-ESM2),affinity_accs_std,5,0.008897426205215539,0.0029813602018927297
MOLM (Fusion-ESM2),affinity_mean,5,0.9295500000000001,0.004378213105822973
MOLM (Fusion-ESM2),affinity_std,5,0.008897426205215539,0.0029813602018927297
MOLM (Fusion-ESM2),spec_aps_mean,5,0.9789278248305664,0.00017496238551789224
MOLM (Fusion-ESM2),spec_aps_std,5,0.0030022639031077915,0.001332546985026472
MOLM (Fusion-ESM2),spec_aucs_mean,5,0.97899325,0.00024028076025762676
MOLM (Fusion-ESM2),spec_aucs_std,5,0.002840194256448229,0.0008472351803355659
MOLM (Fusion-ESM2),spec_mccs_mean,5,0.8579435929003708,0.001753440169084351
MOLM (Fusion-ESM2),spec_mccs_std,5,0.017984410231713138,0.005119344857119175
MOLM (Fusion-ESM2),specificity_accs_mean,5,0.9285,0.000728868986855668
MOLM (Fusion-ESM2),specificity_accs_std,5,0.009261012913555874,0.002635962778320061
MOLM (Fusion-ESM2),specificity_mean,5,0.9285,0.000728868986855668
MOLM (Fusion-ESM2),specificity_std,5,0.009261012913555874,0.002635962778320061
MOLM (OneHot),aff_aps_mean,5,0.9661878241185899,0.003273613649712083
MOLM (OneHot),aff_aps_std,5,0.006349839155018792,0.0033696607243359536
MOLM (OneHot),aff_aucs_mean,5,0.976069362532223,0.0012088486963761063
MOLM (OneHot),aff_aucs_std,5,0.002738740564798077,0.0017095795106969933
MOLM (OneHot),aff_mccs_mean,5,0.8530749465302779,0.009091508617808356
MOLM (OneHot),aff_mccs_std,5,0.01871442634047184,0.0038154178785726684
MOLM (OneHot),affinity_accs_mean,5,0.9289999999999999,0.005117372372614638
MOLM (OneHot),affinity_accs_std,5,0.010425193491283681,0.0015773160230659897
MOLM (OneHot),affinity_mean,5,0.9289999999999999,0.005117372372614638
MOLM (OneHot),affinity_std,5,0.010425193491283681,0.0015773160230659897
MOLM (OneHot),spec_aps_mean,5,0.9780650622469252,0.0007986198474648985
MOLM (OneHot),spec_aps_std,5,0.0038845031644426584,0.0011858479645418761
MOLM (OneHot),spec_aucs_mean,5,0.9785127499999999,0.0002621610907438241
MOLM (OneHot),spec_aucs_std,5,0.0034301828609232163,0.0006856611003518718
MOLM (OneHot),spec_mccs_mean,5,0.8577515180250035,0.0030490742942685624
MOLM (OneHot),spec_mccs_std,5,0.013024908583691503,0.005739061845650765
MOLM (OneHot),specificity_accs_mean,5,0.92835,0.0015471748446765354
MOLM (OneHot),specificity_accs_std,5,0.00680052398581574,0.0026932493196751973
MOLM (OneHot),specificity_mean,5,0.92835,0.0015471748446765354
MOLM (OneHot),specificity_std,5,0.00680052398581574,0.0026932493196751973
MOLM-ST (ESM2),aff_aucs_mean,5,0.9564190677370098,0.0005770063561272985
MOLM-ST (ESM2),aff_aucs_std,5,0.005144426598934928,0.0008661359251061875
MOLM-ST (ESM2),aff_mccs_mean,5,0.7710089883624726,0.006134985025991218
MOLM-ST (ESM2),aff_mccs_std,5,0.02315052035601778,0.006434964293469915
MOLM-ST (ESM2),affinity_mean,5,0.8875499999999998,0.003554926159570712
MOLM-ST (ESM2),affinity_std,5,0.012503183867643097,0.0034902351589666037
MOLM-ST (ESM2),spec_aucs_mean,5,0.9632940000000001,0.0006674130327241045
MOLM-ST (ESM2),spec_aucs_std,5,0.003175543208368363,0.0021786973836978286
MOLM-ST (ESM2),spec_mccs_mean,5,0.8048214498780345,0.005610747012782623
MOLM-ST (ESM2),spec_mccs_std,5,0.018101322810702418,0.008675836049431734
MOLM-ST (ESM2),specificity_mean,5,0.90145,0.0033837848631377743
MOLM-ST (ESM2),specificity_std,5,0.009649689505340998,0.0043922506261755735
MOLM-ST (Fusion-ESM2),aff_aucs_mean,5,0.9774137544632581,0.0006282806663254479
MOLM-ST (Fusion-ESM2),aff_aucs_std,5,0.0031534975706730382,0.0005950120395377851
MOLM-ST (Fusion-ESM2),aff_mccs_mean,5,0.8566766861460412,0.007893473026664771
MOLM-ST (Fusion-ESM2),aff_mccs_std,5,0.01616388772312281,0.0072426854883730196
MOLM-ST (Fusion-ESM2),affinity_mean,5,0.9310499999999999,0.0041056363696751995
MOLM-ST (Fusion-ESM2),affinity_std,5,0.008161300200777741,0.004125860369787334
MOLM-ST (Fusion-ESM2),spec_aucs_mean,5,0.97883,0.0008072721234194338
MOLM-ST (Fusion-ESM2),spec_aucs_std,5,0.002410155153469762,0.0006101212852818458
MOLM-ST (Fusion-ESM2),spec_mccs_mean,5,0.8521657968882146,0.007201880571548159
MOLM-ST (Fusion-ESM2),spec_mccs_std,5,0.017842585123125358,0.007031400221569264
MOLM-ST (Fusion-ESM2),specificity_mean,5,0.9254999999999999,0.004081206929328696
MOLM-ST (Fusion-ESM2),specificity_std,5,0.009393971764328496,0.0038002129037395726
MOLM-ST (OneHot),aff_aucs_mean,5,0.977262399861298,0.0008734289480541191
MOLM-ST (OneHot),aff_aucs_std,5,0.0028857041770084337,0.0006344480087931162
MOLM-ST (OneHot),aff_mccs_mean,5,0.8600245502943065,0.0102668912007941
MOLM-ST (OneHot),aff_mccs_std,5,0.013851975979464772,0.00447953828318105
MOLM-ST (OneHot),affinity_mean,5,0.9328,0.005780895259386732
MOLM-ST (OneHot),affinity_std,5,0.007245175147870035,0.0022171031428099906
MOLM-ST (OneHot),spec_aucs_mean,5,0.9783267500000001,0.0011148267802667377
MOLM-ST (OneHot),spec_aucs_std,5,0.0031766175025361833,0.0010867421885967026
MOLM-ST (OneHot),spec_mccs_mean,5,0.8569022947966772,0.007331304383975233
MOLM-ST (OneHot),spec_mccs_std,5,0.020754755905481138,0.007391142608909266
MOLM-ST (OneHot),specificity_mean,5,0.9278000000000001,0.004233054452756259
MOLM-ST (OneHot),specificity_std,5,0.01114085075238128,0.004803181824734178
