seed,dataset,model,predicted,overlap,precision,recall,score_type
42,ISO,_TRUE_PARETO_,15,15,1.0,1.0,ground_truth
42,ISO,MOLM,3,1,0.3333333333333333,0.06666666666666667,logits
42,ISO,MOLM_probs,3,1,0.3333333333333333,0.06666666666666667,probs
42,ISO,MOLM_latent_pca,19,4,0.21052631578947367,0.26666666666666666,latent_pca
42,ISO,MOLM-ST,3,1,0.3333333333333333,0.06666666666666667,logits
42,ISO,MOLM-ST_probs,3,1,0.3333333333333333,0.06666666666666667,probs
42,ISO,MOLM-ST_latent_pca,9,0,0.0,0.0,latent_pca
42,ISO,LDA,2,1,0.5,0.06666666666666667,logits
42,ISO,NN (OneHot),5,3,0.6,0.2,logits
42,ISO,NN (Fusion-ESM2),5,3,0.6,0.2,logits
42,IgG,_TRUE_PARETO_,5,5,1.0,1.0,ground_truth
42,IgG,MOLM,6,0,0.0,0.0,logits
42,IgG,MOLM_probs,6,0,0.0,0.0,probs
42,IgG,MOLM_latent_pca,9,0,0.0,0.0,latent_pca
42,IgG,MOLM-ST,2,0,0.0,0.0,logits
42,IgG,MOLM-ST_probs,2,0,0.0,0.0,probs
42,IgG,MOLM-ST_latent_pca,4,1,0.25,0.2,latent_pca
42,IgG,LDA,3,0,0.0,0.0,logits
42,IgG,NN (OneHot),5,2,0.4,0.4,logits
42,IgG,NN (Fusion-ESM2),5,2,0.4,0.4,logits
123,ISO,_TRUE_PARETO_,15,15,1.0,1.0,ground_truth
123,ISO,MOLM,2,1,0.5,0.06666666666666667,logits
123,ISO,MOLM_probs,2,1,0.5,0.06666666666666667,probs
123,ISO,MOLM_latent_pca,16,5,0.3125,0.3333333333333333,latent_pca
123,ISO,MOLM-ST,5,2,0.4,0.13333333333333333,logits
123,ISO,MOLM-ST_probs,5,2,0.4,0.13333333333333333,probs
123,ISO,MOLM-ST_latent_pca,16,1,0.0625,0.06666666666666667,latent_pca
123,ISO,LDA,2,1,0.5,0.06666666666666667,logits
123,ISO,NN (OneHot),5,3,0.6,0.2,logits
123,ISO,NN (Fusion-ESM2),8,2,0.25,0.13333333333333333,logits
123,IgG,_TRUE_PARETO_,5,5,1.0,1.0,ground_truth
123,IgG,MOLM,3,1,0.3333333333333333,0.2,logits
123,IgG,MOLM_probs,3,1,0.3333333333333333,0.2,probs
123,IgG,MOLM_latent_pca,7,1,0.14285714285714285,0.2,latent_pca
123,IgG,MOLM-ST,4,2,0.5,0.4,logits
123,IgG,MOLM-ST_probs,4,2,0.5,0.4,probs
123,IgG,MOLM-ST_latent_pca,9,1,0.1111111111111111,0.2,latent_pca
123,IgG,LDA,3,0,0.0,0.0,logits
123,IgG,NN (OneHot),2,0,0.0,0.0,logits
123,IgG,NN (Fusion-ESM2),15,1,0.06666666666666667,0.2,logits
456,ISO,_TRUE_PARETO_,15,15,1.0,1.0,ground_truth
456,ISO,MOLM,3,2,0.6666666666666666,0.13333333333333333,logits
456,ISO,MOLM_probs,3,2,0.6666666666666666,0.13333333333333333,probs
456,ISO,MOLM_latent_pca,20,4,0.2,0.26666666666666666,latent_pca
456,ISO,MOLM-ST,8,5,0.625,0.3333333333333333,logits
456,ISO,MOLM-ST_probs,8,5,0.625,0.3333333333333333,probs
456,ISO,MOLM-ST_latent_pca,16,5,0.3125,0.3333333333333333,latent_pca
456,ISO,LDA,2,1,0.5,0.06666666666666667,logits
456,ISO,NN (OneHot),9,2,0.2222222222222222,0.13333333333333333,logits
456,ISO,NN (Fusion-ESM2),7,2,0.2857142857142857,0.13333333333333333,logits
456,IgG,_TRUE_PARETO_,5,5,1.0,1.0,ground_truth
456,IgG,MOLM,1,0,0.0,0.0,logits
456,IgG,MOLM_probs,1,0,0.0,0.0,probs
456,IgG,MOLM_latent_pca,8,0,0.0,0.0,latent_pca
456,IgG,MOLM-ST,7,1,0.14285714285714285,0.2,logits
456,IgG,MOLM-ST_probs,7,1,0.14285714285714285,0.2,probs
456,IgG,MOLM-ST_latent_pca,7,0,0.0,0.0,latent_pca
456,IgG,LDA,3,0,0.0,0.0,logits
456,IgG,NN (OneHot),15,1,0.06666666666666667,0.2,logits
456,IgG,NN (Fusion-ESM2),13,1,0.07692307692307693,0.2,logits
789,ISO,_TRUE_PARETO_,15,15,1.0,1.0,ground_truth
789,ISO,MOLM,3,0,0.0,0.0,logits
789,ISO,MOLM_probs,3,0,0.0,0.0,probs
789,ISO,MOLM_latent_pca,16,2,0.125,0.13333333333333333,latent_pca
789,ISO,MOLM-ST,4,1,0.25,0.06666666666666667,logits
789,ISO,MOLM-ST_probs,4,1,0.25,0.06666666666666667,probs
789,ISO,MOLM-ST_latent_pca,13,4,0.3076923076923077,0.26666666666666666,latent_pca
789,ISO,LDA,2,1,0.5,0.06666666666666667,logits
789,ISO,NN (OneHot),4,2,0.5,0.13333333333333333,logits
789,ISO,NN (Fusion-ESM2),2,0,0.0,0.0,logits
789,IgG,_TRUE_PARETO_,5,5,1.0,1.0,ground_truth
789,IgG,MOLM,3,0,0.0,0.0,logits
789,IgG,MOLM_probs,3,0,0.0,0.0,probs
789,IgG,MOLM_latent_pca,6,0,0.0,0.0,latent_pca
789,IgG,MOLM-ST,4,0,0.0,0.0,logits
789,IgG,MOLM-ST_probs,4,0,0.0,0.0,probs
789,IgG,MOLM-ST_latent_pca,5,0,0.0,0.0,latent_pca
789,IgG,LDA,3,0,0.0,0.0,logits
789,IgG,NN (OneHot),6,2,0.3333333333333333,0.4,logits
789,IgG,NN (Fusion-ESM2),8,0,0.0,0.0,logits
2024,ISO,_TRUE_PARETO_,15,15,1.0,1.0,ground_truth
2024,ISO,MOLM,4,2,0.5,0.13333333333333333,logits
2024,ISO,MOLM_probs,4,2,0.5,0.13333333333333333,probs
2024,ISO,MOLM_latent_pca,18,4,0.2222222222222222,0.26666666666666666,latent_pca
2024,ISO,MOLM-ST,5,3,0.6,0.2,logits
2024,ISO,MOLM-ST_probs,5,3,0.6,0.2,probs
2024,ISO,MOLM-ST_latent_pca,20,5,0.25,0.3333333333333333,latent_pca
2024,ISO,LDA,2,1,0.5,0.06666666666666667,logits
2024,ISO,NN (OneHot),5,2,0.4,0.13333333333333333,logits
2024,ISO,NN (Fusion-ESM2),4,2,0.5,0.13333333333333333,logits
2024,IgG,_TRUE_PARETO_,5,5,1.0,1.0,ground_truth
2024,IgG,MOLM,3,0,0.0,0.0,logits
2024,IgG,MOLM_probs,3,0,0.0,0.0,probs
2024,IgG,MOLM_latent_pca,11,1,0.09090909090909091,0.2,latent_pca
2024,IgG,MOLM-ST,8,2,0.25,0.4,logits
2024,IgG,MOLM-ST_probs,8,2,0.25,0.4,probs
2024,IgG,MOLM-ST_latent_pca,4,0,0.0,0.0,latent_pca
2024,IgG,LDA,3,0,0.0,0.0,logits
2024,IgG,NN (OneHot),2,0,0.0,0.0,logits
2024,IgG,NN (Fusion-ESM2),5,2,0.4,0.4,logits
